LOCATION,TIME,UE,CPI,c_ue,c_cpi
AUS,1968-01-01,1.85,8.497794,-1.3333333333333286,2.5210065784902076
AUS,1969-01-01,1.8,8.77641,-2.702702702702705,3.2786862096209854
AUS,1970-01-01,1.625,9.078245,-9.722222222222223,3.4391624821538707
AUS,1971-01-01,1.925,9.635477,18.461538461538463,6.138102683943857
AUS,1972-01-01,2.625,10.21593,36.36363636363636,6.024123144085138
AUS,1973-01-01,2.325,11.14465,-11.428571428571422,9.090900192150887
AUS,1974-01-01,2.7,12.86278,16.129032258064516,15.416634887591808
AUS,1975-01-01,4.925,14.8131,82.40740740740739,15.162507638317685
AUS,1976-01-01,4.75,16.78663,-3.5532994923857832,13.322869622158754
AUS,1977-01-01,5.65,18.85303,18.947368421052637,12.309796546418202
AUS,1978-01-01,6.442533,20.3622,14.027132743362825,8.00492016402669
AUS,1979-01-01,6.265499,22.21964,-2.747894345283135,9.122000569683024
AUS,1980-01-01,6.106246,24.47179,-2.541744879378331,10.135852786093746
AUS,1981-01-01,5.783571,26.79359,-5.2843432773589445,9.487659055590129
AUS,1982-01-01,7.156132,29.83515,23.732067955939332,11.351819595657025
AUS,1983-01-01,9.961594,32.83028,39.20360887697431,10.038930590260158
AUS,1984-01-01,8.98968,34.13049,-9.756611241132694,3.960398753833351
AUS,1985-01-01,8.262986,36.42907,-8.083647026368016,6.734682098030239
AUS,1986-01-01,8.081038,39.72603,-2.201964277804661,9.050354565735546
AUS,1987-01-01,8.10804,43.11586,0.33414024287475574,8.533019785767658
AUS,1988-01-01,7.227954,46.22707,-10.854485177675494,7.2159293587093005
AUS,1989-01-01,6.179825,49.70977,-14.501046907603454,7.5338973462951495
AUS,1990-01-01,6.923,53.355,12.025825974036481,7.333025278531761
AUS,1991-01-01,9.576522,55.04992,38.32907698974434,3.1766844719332834
AUS,1992-01-01,10.72814,55.60715,12.02543052686559,1.012226720765438
AUS,1993-01-01,10.87467,56.58231,1.3658472018448704,1.7536593765370145
AUS,1994-01-01,9.72219,57.69677,-10.597838830971428,1.969626195890555
AUS,1995-01-01,8.472281,60.36684,-12.856249466426792,4.627763391260903
AUS,1996-01-01,8.506114,61.94567,0.39933755738271143,2.615392821621931
AUS,1997-01-01,8.362488,62.08498,-1.6885031166993454,0.2248906178591689
AUS,1998-01-01,7.677429,62.61899,-8.192047629844142,0.8601275219867913
AUS,1999-01-01,6.873791,63.54771,-10.467540631114925,1.4831283609013906
AUS,2000-01-01,6.285546,66.38031,-8.557795836387806,4.457438356157904
AUS,2001-01-01,6.742173,69.30578,7.264714950777548,4.407135188130343
AUS,2002-01-01,6.368911,71.37218,-5.536226970147465,2.981569502572515
AUS,2003-01-01,5.92842,73.32249,-6.916268731027953,2.732591326200211
AUS,2004-01-01,5.396734,75.04063,-8.968426663428025,2.343264665452566
AUS,2005-01-01,5.033881,77.0606,-6.723566512635241,2.6918350765445345
AUS,2006-01-01,4.78524,79.80032,-4.93934997668797,3.555279870647264
AUS,2007-01-01,4.379151,81.65777,-8.48628281967048,2.327622245123829
AUS,2008-01-01,4.23433,85.21012,-3.307056550459217,4.350290241822676
AUS,2009-01-01,5.560385,86.71929,31.31676085708955,1.7711159190950527
AUS,2010-01-01,5.21334,89.25006,-6.241384364571887,2.9183472327783173
AUS,2011-01-01,5.081195,92.19875,-2.534747398021221,3.303852120659638
AUS,2012-01-01,5.223376,93.82401,2.7981803493075916,1.762778779538765
AUS,2013-01-01,5.66194,96.12259,8.396179022915454,2.4498846297445622
AUS,2014-01-01,6.077244,98.51405,7.335012380915372,2.487927135546384
AUS,2015-01-01,6.056423,100.0,-0.3426059575689349,1.5083635278419703
AUS,2016-01-01,5.710301,101.277,-5.714957492235919,1.277000000000001
AUS,2017-01-01,5.59376,103.2505,-2.040890664082343,1.9486161714900732
AUS,2018-01-01,5.299855,105.2241,-5.254158204856834,1.9114677410763188
AUS,2019-01-01,5.159019,106.919,-2.657355720109327,1.6107526697781114
AUS,2020-01-01,6.465497,107.8245,25.324155619508286,0.8469027955742231
AUT,1994-01-01,4.241667,68.09123,7.157912181718909,2.9533889181879354
AUT,1995-01-01,4.241667,69.61877,0.0,2.2433726046658315
AUT,1996-01-01,4.733333,70.91436,11.591338971211092,1.8609780092351593
AUT,1997-01-01,4.733333,71.84048,0.0,1.305969623077748
AUT,1998-01-01,4.725,72.50319,-0.17604930817249426,0.9224743487237337
AUT,1999-01-01,4.15,72.91573,-12.169312169312155,0.5689956538463932
AUT,2000-01-01,3.933333,74.6255,-5.220891566265064,2.344857549941564
AUT,2001-01-01,3.983333,76.60308,1.271186548405635,2.6500056951042246
AUT,2002-01-01,4.383333,77.98987,10.041841844505603,1.8103580169361213
AUT,2003-01-01,4.758333,79.04707,8.55513373042842,1.3555606644811804
AUT,2004-01-01,5.508333,80.67638,15.761822470180206,2.061189617780886
AUT,2005-01-01,5.633333,82.53125,2.2692890934516847,2.299148771920611
AUT,2006-01-01,5.25,83.72098,-6.804728213297533,1.4415509276789062
AUT,2007-01-01,4.866667,85.53651,-7.301580952380959,2.168548433140665
AUT,2008-01-01,4.141667,88.28732,-14.897259253612376,3.215948371052299
AUT,2009-01-01,5.325,88.73433,28.571418223628317,0.506312797806079
AUT,2010-01-01,4.841667,90.34355,-9.076676056338028,1.8135258360546516
AUT,2011-01-01,4.575,93.31277,-5.507751772271822,3.286587697738253
AUT,2012-01-01,4.883333,95.63223,6.739519125683064,2.485683363595365
AUT,2013-01-01,5.358333,97.54502,9.726963121294403,2.0001520407920914
AUT,2014-01-01,5.641667,99.1114,5.287726611989213,1.6058021209078737
AUT,2015-01-01,5.733333,100.0,1.6248034490514953,0.8965668934148814
AUT,2016-01-01,6.033333,100.8916,5.232558443753395,0.8915999999999968
AUT,2017-01-01,5.516667,102.9914,-8.563525335001398,2.08124363177906
AUT,2018-01-01,4.858333,105.0496,-11.933546106734374,1.9984192854937397
AUT,2019-01-01,4.508333,106.6578,-7.204117132357943,1.5308958815645148
AUT,2020-01-01,5.391667,108.1317,19.59336189230031,1.381896120114985
BEL,1984-01-01,10.8,52.54686,0.5430254327306793,6.341789781592695
BEL,1985-01-01,10.10833,55.10522,-6.404351851851854,4.868720985421394
BEL,1986-01-01,10.03333,55.81849,-0.7419623221640079,1.2943782821300673
BEL,1987-01-01,9.8,56.68556,-2.3255489453650853,1.5533741597094537
BEL,1988-01-01,8.8,57.34364,-10.204081632653061,1.1609305791457263
BEL,1989-01-01,7.383333,59.12534,-16.09848863636364,3.107057731249709
BEL,1990-01-01,6.55,61.16417,-11.286677710459497,3.4483184367311837
BEL,1991-01-01,6.441667,63.13078,-1.6539389312977102,3.2152974527407188
BEL,1992-01-01,7.091667,64.66357,10.090555752105788,2.4279598636354653
BEL,1993-01-01,8.625,66.44468,21.621615904976924,2.7544257145097277
BEL,1994-01-01,9.75,68.02443,13.043478260869565,2.377541738480778
BEL,1995-01-01,9.675,69.023,-0.769230769230762,1.467957908651349
BEL,1996-01-01,9.541667,70.45663,-1.3781188630490993,2.07703229358331
BEL,1997-01-01,9.216666,71.60378,-3.4061238984760243,1.6281647305583538
BEL,1998-01-01,9.341666,72.28348,1.3562387961113054,0.9492515618588807
BEL,1999-01-01,8.4,73.09367,-10.080279042303586,1.1208508500144234
BEL,2000-01-01,6.875,74.95354,-18.15476190476191,2.5445021436192774
BEL,2001-01-01,6.591667,76.80434,-4.12120727272727,2.4692629594279234
BEL,2002-01-01,7.525,78.06794,14.159286262488688,1.6452195279589628
BEL,2003-01-01,8.175,79.30841,8.637873754152828,1.5889621270908418
BEL,2004-01-01,8.391666,80.97173,2.650348623853211,2.097280729748584
BEL,2005-01-01,8.433333,83.22391,0.4965283413329196,2.7814398926637853
BEL,2006-01-01,8.25,84.71461,-2.173909176834347,1.7911919783629364
BEL,2007-01-01,7.483333,86.25901,-9.292933333333332,1.8230621612966291
BEL,2008-01-01,6.975,90.13156,-6.792868899459644,4.489444059235075
BEL,2009-01-01,7.891667,90.08366,13.14217921146954,-0.053144536719433796
BEL,2010-01-01,8.316667,92.05586,5.385427438841511,2.189298258973937
BEL,2011-01-01,7.166667,95.30735,-13.827654756406625,3.5320836718053625
BEL,2012-01-01,7.566667,98.01376,5.5813950892374296,2.83966556619191
BEL,2013-01-01,8.45,99.10474,11.674003891013038,1.1130886112317309
BEL,2014-01-01,8.533334,99.4417,0.9862011834319608,0.3400039190859999
BEL,2015-01-01,8.5,100.0,-0.3906327819818136,0.5614344887506978
BEL,2016-01-01,7.858333,101.9739,-7.549023529411763,1.9739000000000004
BEL,2017-01-01,7.1,104.1418,-9.650049189821816,2.1259361464060933
BEL,2018-01-01,5.958333,106.28,-16.07981690140845,2.0531621308638774
BEL,2019-01-01,5.366667,107.807,-9.930059296786535,1.4367707941287176
BEL,2020-01-01,5.558333,108.6057,3.5714159272412576,0.7408609830530454
CAN,1960-01-01,6.991667,12.27943,16.689846081232485,1.3586653712846164
CAN,1961-01-01,7.183333,12.40453,2.741349094572161,1.0187769301995269
CAN,1962-01-01,5.958333,12.53621,-17.053365060480985,1.0615476765343075
CAN,1963-01-01,5.583333,12.74032,-6.2937066458017705,1.6281635358692939
CAN,1964-01-01,4.708333,12.98393,-15.671642726665238,1.9121183769324501
CAN,1965-01-01,3.95,13.28681,-16.10618875088061,2.332729766719308
CAN,1966-01-01,3.375,13.79378,-14.556962025316459,3.8155885423213007
CAN,1967-01-01,3.833333,14.2876,13.580237037037039,3.580019400048424
CAN,1968-01-01,4.525,14.867,18.043488525520747,4.055264705058943
CAN,1969-01-01,4.425,15.54517,-2.209944751381227,4.561579336786169
CAN,1970-01-01,5.675,16.06532,28.24858757062147,3.346055398557875
CAN,1971-01-01,6.2,16.49987,9.25110132158591,2.7048947671132697
CAN,1972-01-01,6.233333,17.32289,0.5376290322580618,4.988039299703571
CAN,1973-01-01,5.566667,18.61996,-10.69517704252284,7.4876074373271315
CAN,1974-01-01,5.333333,20.66763,-4.191628491519255,10.997177222722284
CAN,1975-01-01,6.916667,22.87332,29.687514355469663,10.672196086343721
CAN,1976-01-01,7.083333,24.59837,2.4096287995359513,7.541756072139941
CAN,1977-01-01,8.058333,26.56044,13.764706530103833,7.976422828016656
CAN,1978-01-01,8.383333,28.9439,4.033092204057602,8.973721820873447
CAN,1979-01-01,7.55,31.59073,-9.940354271982283,9.144690245613068
CAN,1980-01-01,7.55,34.79062,0.0,10.12920562456137
CAN,1981-01-01,7.633333,39.12958,1.1037483443708682,12.4716374700997
CAN,1982-01-01,11.03333,43.34343,44.541447359888515,10.768963019792192
CAN,1983-01-01,12.03333,45.88491,9.063446846962794,5.863587630236001
CAN,1984-01-01,11.35,47.86015,-5.678644232311419,4.304770348247386
CAN,1985-01-01,10.66667,49.75639,-6.020528634361231,3.962043579052732
CAN,1986-01-01,9.675,51.84356,-9.296903344717697,4.1947777963795065
CAN,1987-01-01,8.833333,54.10192,-8.699400516795876,4.356105174876115
CAN,1988-01-01,7.766667,56.28127,-12.075464606621303,4.028230421397243
CAN,1989-01-01,7.566667,59.08612,-2.5751071856177195,4.983629544962297
CAN,1990-01-01,8.15,61.91072,7.709246356420873,4.780479747189352
CAN,1991-01-01,10.325,65.39373,26.687116564417163,5.625859301910893
CAN,1992-01-01,11.19167,66.36819,8.393898305084754,1.4901428623202766
CAN,1993-01-01,11.4,67.606,1.8614737568209223,1.8650651765552082
CAN,1994-01-01,10.41667,67.71793,-8.62570175438597,0.16556222820459868
CAN,1995-01-01,9.508333,69.17303,-8.720032409589624,2.14876621302512
CAN,1996-01-01,9.608334,70.25941,1.0517195811295093,1.5705253911820916
CAN,1997-01-01,9.116667,71.39848,-5.117088977131724,1.6212347926064334
CAN,1998-01-01,8.283334,72.10956,-9.140763833975726,0.9959315660501392
CAN,1999-01-01,7.591667,73.36055,-8.350103955726038,1.7348462533955298
CAN,2000-01-01,6.816667,75.35555,-10.208561571523095,2.719445260429468
CAN,2001-01-01,7.216667,77.25836,5.867970373204388,2.5251092985188253
CAN,2002-01-01,7.675,79.00316,6.3510343486820116,2.2583963728973773
CAN,2003-01-01,7.575,81.18251,-1.3029315960912007,2.7585605436542027
CAN,2004-01-01,7.191667,82.69028,-5.060501650165021,1.8572596486607866
CAN,2005-01-01,6.758333,84.52068,-6.025501458841176,2.21356125532529
CAN,2006-01-01,6.35,86.2128,-6.04191891698738,2.0020189141876314
CAN,2007-01-01,6.066667,88.05636,-4.461937007874013,2.138383163520958
CAN,2008-01-01,6.175,90.14353,1.7857086930929291,2.370266043247757
CAN,2009-01-01,8.375,90.41348,35.627530364372475,0.2994668613487941
CAN,2010-01-01,8.116667,92.02002,-3.0845731343283624,1.7768810580015229
CAN,2011-01-01,7.558333,94.69976,-6.878858033722456,2.9121271653711824
CAN,2012-01-01,7.333333,96.13511,-2.9768468788025153,1.5156849394338483
CAN,2013-01-01,7.125,97.03713,-2.8409046745865716,0.938283630195053
CAN,2014-01-01,6.941667,98.88728,-2.573094736842108,1.906641303179514
CAN,2015-01-01,6.941667,100.0,0.0,1.125240779198291
CAN,2016-01-01,7.05,101.4288,1.560619372839406,1.4287999999999954
CAN,2017-01-01,6.4,103.0485,-9.21985815602836,1.5968837253324586
CAN,2018-01-01,5.891667,105.3858,-7.942703125000006,2.2681552861031444
CAN,2019-01-01,5.733333,107.4401,-2.6874227616733934,1.9493138544282036
CAN,2020-01-01,9.558333,108.2104,66.71512015785581,0.7169576349984838
CHE,2011-01-01,4.401403,102.0979,-8.370592755298599,0.23129263721709692
CHE,2012-01-01,4.48394,101.3908,1.8752429623008713,-0.6925705621761045
CHE,2013-01-01,4.746688,101.1705,5.8597572670463975,-0.21727809623752314
CHE,2014-01-01,4.829303,101.1571,1.7404767281944917,-0.01324496765361869
CHE,2015-01-01,4.80018,100.0,-0.6030476861774925,-1.1438643456564095
CHE,2016-01-01,4.918711,99.56538,2.4693032344620396,-0.43461999999999534
CHE,2017-01-01,4.797114,100.0968,-2.4721314181703375,0.5337397396564921
CHE,2018-01-01,4.714227,101.0341,-1.7278513706365848,0.9363935710232428
CHE,2019-01-01,4.394452,101.4007,-6.783190542160993,0.36284779099334324
CHE,2020-01-01,4.815328,100.6647,9.577439917423145,-0.7258332536165966
CHL,1987-01-01,10.9275,14.97458,-9.801898472967396,19.880748333030454
CHL,1988-01-01,9.7525,17.1735,-10.752688172043017,14.68435174809578
CHL,1989-01-01,7.9025,20.0978,-18.96949500128172,17.02797915392901
CHL,1990-01-01,7.7575,25.33056,-1.8348623853210955,26.036481604951778
CHL,1991-01-01,8.155,30.84867,5.12407347728004,21.784397976199504
CHL,1992-01-01,6.665,35.60733,-18.27099938687921,15.42581900613543
CHL,1993-01-01,6.5425,40.13934,-1.8379594898724623,12.727744540239327
CHL,1994-01-01,7.815,44.73254,19.449751623996942,11.443137829371393
CHL,1995-01-01,7.3025,48.4152,-6.557901471529112,8.232619922767629
CHL,1996-01-01,6.325,51.97813,-13.385826771653543,7.3591144929691525
CHL,1997-01-01,6.115,55.1664,-3.320158102766798,6.133868224963082
CHL,1998-01-01,6.395,57.98554,4.578904333605877,5.110248267061105
CHL,1999-01-01,10.1375,59.92045,58.52228303362002,3.3368836437498075
CHL,2000-01-01,9.6675,62.22335,-4.6362515413070176,3.8432621917892824
CHL,2001-01-01,9.8525,64.44417,1.9136281355055464,3.569110309875627
CHL,2002-01-01,9.805,66.04844,-0.48211113930473926,2.4893950841480303
CHL,2003-01-01,9.54,67.90452,-2.7027027027027084,2.8101799224932575
CHL,2004-01-01,10.0075,68.62074,4.9004192872117525,1.0547456929229346
CHL,2005-01-01,9.235,70.71543,-7.719210592055966,3.052561077015491
CHL,2006-01-01,7.8,73.11411,-15.538711423930696,3.3920178382567974
CHL,2007-01-01,7.13,76.33684,-8.58974358974359,4.4078085611655515
CHL,2008-01-01,7.7925,82.99056,9.291725105189348,8.716263340216871
CHL,2009-01-01,9.675,83.28355,24.15784408084697,0.35304015300053787
CHL,2010-01-01,8.15,84.45845,-15.762273901808788,1.4107227657802697
CHL,2011-01-01,7.125,87.28039,-12.57668711656442,3.3412168942243174
CHL,2012-01-01,6.545561,89.9053,-8.132477192982455,3.0074453150358287
CHL,2013-01-01,6.08222,91.51421,-7.07870570605025,1.7895607934126339
CHL,2014-01-01,6.495096,95.83247,6.788245081565609,4.718677022945393
CHL,2015-01-01,6.328377,100.0,-2.566844277590362,4.348766133232295
CHL,2016-01-01,6.684913,103.7862,5.6339247803978845,3.786199999999994
CHL,2017-01-01,6.965175,106.0516,4.192455459031411,2.1827564743674976
CHL,2018-01-01,7.376639,108.6338,5.907446690140586,2.434852468043858
CHL,2019-01-01,7.22264,111.4121,-2.087658078428398,2.5574913148578085
CHL,2020-01-01,10.7778,114.8052,49.22244497856738,3.04553993686503
COL,2008-01-01,11.2775,79.80053,0.49008687903764503,6.998557540304528
COL,2009-01-01,12.08,83.15298,7.115938816227003,4.201037261281353
COL,2010-01-01,11.84167,85.04154,-1.9729304635761546,2.271187394606902
COL,2011-01-01,10.895,87.94791,-7.9943960606907725,3.4175886278635073
COL,2012-01-01,10.43417,90.73351,-4.229738412115646,3.167329388498263
COL,2013-01-01,9.705833,92.5646,-6.980306052134475,2.0180967318469256
COL,2014-01-01,9.166667,95.24696,-5.555071883062483,2.897824870414827
COL,2015-01-01,8.960834,100.0,-2.2454508274381535,4.990227509623403
COL,2016-01-01,9.274167,107.5143,3.496694615702066,7.514300000000005
COL,2017-01-01,9.425834,112.1505,1.63537059446956,4.312170567078042
COL,2018-01-01,9.719167,115.7844,3.112011096312544,3.240199553278863
COL,2019-01-01,10.545,119.8664,8.496952465164961,3.5255181181575352
COL,2020-01-01,16.13417,122.8925,53.00303461356094,2.5245606775543434
CZE,1994-01-01,4.291667,47.92465,-0.3868317513989714,10.039410124755875
CZE,1995-01-01,4.008333,52.23333,-6.601956768780056,8.990529925622832
CZE,1996-01-01,3.891667,56.80833,-2.910586520630905,8.758775287732938
CZE,1997-01-01,4.775,61.69167,22.698062295669192,8.596168906919116
CZE,1998-01-01,6.466667,68.29166,35.427581151832456,10.698348739789328
CZE,1999-01-01,8.7,69.75,34.536075539377535,2.135458414687836
CZE,2000-01-01,8.775,72.38333,0.8620689655172536,3.775383512544804
CZE,2001-01-01,8.125,75.75833,-7.40740740740741,4.662675784603996
CZE,2002-01-01,7.291667,77.2,-10.25640615384615,1.9029854538768238
CZE,2003-01-01,7.775,77.29166,6.6285665541226715,0.11873056994817396
CZE,2004-01-01,8.291667,79.425,6.645234726688102,2.760116680117886
CZE,2005-01-01,7.941667,80.9,-4.22110535794552,1.8570978910922362
CZE,2006-01-01,7.133333,82.95,-10.178392017696025,2.5339925834363375
CZE,2007-01-01,5.325,85.31667,-25.35046380142354,2.8531283905967437
CZE,2008-01-01,4.408333,90.74167,-17.21440375586855,6.358663553089915
CZE,2009-01-01,6.683333,91.66666,51.60680919522188,1.0193662955508687
CZE,2010-01-01,7.291667,93.01667,9.102254818067573,1.472738288926434
CZE,2011-01-01,6.716667,94.8,-7.885713925224508,1.9172154840632245
CZE,2012-01-01,6.975,97.91666,3.8461486924988164,3.28761603375527
CZE,2013-01-01,6.966667,99.325,-0.11946953405017176,1.4383047787782077
CZE,2014-01-01,6.116667,99.66666,-12.200956354021235,0.3439818776742918
CZE,2015-01-01,5.058333,99.975,-17.302462272345373,0.3093712581519248
CZE,2016-01-01,3.966667,100.6583,-21.581536842275902,0.683470867716932
CZE,2017-01-01,2.908333,103.125,-26.680686833555736,2.450567911439
CZE,2018-01-01,2.266667,105.3417,-22.063016855360097,2.149527272727276
CZE,2019-01-01,2.016667,108.3417,-11.029410142733802,2.8478750580254544
CZE,2020-01-01,2.55,111.7667,26.446260091527247,3.1612943123469512
DEU,1992-01-01,6.566667,68.80289,18.853701357466054,5.056967343466747
DEU,1993-01-01,7.791667,71.88154,18.65482138808014,4.474594017780352
DEU,1994-01-01,8.45,73.81734,8.449193221424874,2.693041913125401
DEU,1995-01-01,8.25,75.07679,-2.3668639053254354,1.706170934904998
DEU,1996-01-01,8.941667,76.1652,8.383842424242433,1.4497290041302993
DEU,1997-01-01,9.675,77.64232,8.20130071942961,1.9393633838025757
DEU,1998-01-01,9.45,78.34978,-2.3255813953488516,0.9111783367627314
DEU,1999-01-01,8.625,78.80847,-8.730158730158724,0.5854387848951258
DEU,2000-01-01,8.008333,79.94353,-7.149762318840575,1.440276660617819
DEU,2001-01-01,7.858333,81.52949,-1.8730489853506385,1.9838503503660647
DEU,2002-01-01,8.683333,82.68787,10.498409777239006,1.4208110464078805
DEU,2003-01-01,9.808333,83.54305,12.95585462402513,1.0342266646849048
DEU,2004-01-01,10.5,84.93465,7.051830316119985,1.665728028842628
DEU,2005-01-01,11.28333,86.24851,7.460285714285709,1.5469069455163365
DEU,2006-01-01,10.275,87.60902,-8.936457588318335,1.577430149228091
DEU,2007-01-01,8.541667,89.62257,-16.86942092457421,2.2983364041739023
DEU,2008-01-01,7.425,91.9782,-13.073174123973699,2.6283892550726957
DEU,2009-01-01,7.641667,92.26585,2.9180740740740765,0.31273714858520746
DEU,2010-01-01,6.966667,93.28429,-8.833151195936697,1.1038103480323416
DEU,2011-01-01,5.833333,95.2201,-16.267951374739177,2.07517257193039
DEU,2012-01-01,5.383333,97.13258,-7.714286155102054,2.008483502957886
DEU,2013-01-01,5.241667,98.59416,-2.6315667264128138,1.5047268383069798
DEU,2014-01-01,4.991667,99.48821,-4.769475054405402,0.906798130842631
DEU,2015-01-01,4.633333,100.0,-7.178643927970342,0.5144227642652379
DEU,2016-01-01,4.133333,100.4917,-10.791367682832206,0.4916999999999945
DEU,2017-01-01,3.758333,102.0087,-9.072581376821088,1.5095774078854376
DEU,2018-01-01,3.4,103.7756,-9.534360047393353,1.7321071634086038
DEU,2019-01-01,3.15,105.2759,-7.352941176470589,1.4457155631959688
DEU,2020-01-01,4.183333,105.8093,32.80422222222223,0.5066686677577683
DNK,1984-01-01,7.916667,48.62533,-5.378485841494579,6.290775487863155
DNK,1985-01-01,6.658333,50.90039,-15.894744593905497,4.67875487940134
DNK,1986-01-01,4.991667,52.7726,-25.031280352004025,3.6781839981972544
DNK,1987-01-01,5.033333,54.89405,0.8347111295685431,4.019983855258227
DNK,1988-01-01,5.658333,57.38357,12.417219365378767,4.535136321696065
DNK,1989-01-01,6.816667,60.12233,20.471294284023227,4.77272501519163
DNK,1990-01-01,7.175,61.71053,5.256718569353615,2.641614188937788
DNK,1991-01-01,7.85,63.18859,9.407665505226479,2.395150390054986
DNK,1992-01-01,8.6,64.51305,9.554140127388536,2.0960429723151113
DNK,1993-01-01,9.55,65.32453,11.046511627906991,1.2578540310836162
DNK,1994-01-01,7.7,66.6258,-19.371727748691104,1.9920082088612079
DNK,1995-01-01,6.716667,68.01402,-12.770558441558443,2.083607251245019
DNK,1996-01-01,6.333333,69.46021,-5.707205672098982,2.1263116045779995
DNK,1997-01-01,5.241667,70.97594,-17.23683248614908,2.1821557982620416
DNK,1998-01-01,4.866667,72.28591,-7.154212581608103,1.8456536116323463
DNK,1999-01-01,5.166667,74.09146,6.164383139425827,2.4977896798975023
DNK,2000-01-01,4.325,76.24255,-16.290327981269165,2.90329006878795
DNK,2001-01-01,4.525,78.025,4.624277456647403,2.3378677654407043
DNK,2002-01-01,4.583333,79.91666,1.2891270718231889,2.42442806792693
DNK,2003-01-01,5.408333,81.575,18.000001309091008,2.075086721592231
DNK,2004-01-01,5.5,82.51667,1.6949215220290645,1.1543610174685897
DNK,2005-01-01,4.841667,84.01667,-11.969690909090906,1.8178145094803266
DNK,2006-01-01,3.908333,85.63333,-19.277120875929725,1.9242133733698275
DNK,2007-01-01,3.75,87.08334,-4.051164524619572,1.693277605810735
DNK,2008-01-01,3.708333,90.05833,-1.1111199999999972,3.416256197798558
DNK,2009-01-01,6.408333,91.23333,72.80899530867373,1.3047099585346489
DNK,2010-01-01,7.766667,93.34167,21.196370413335263,2.310931761451652
DNK,2011-01-01,7.758333,95.91666,-0.10730471642468538,2.7586714486681028
DNK,2012-01-01,7.8,98.21667,0.537061247564386,2.3979254490304402
DNK,2013-01-01,7.391667,98.99167,-5.235038461538459,0.7890717532980966
DNK,2014-01-01,6.883333,99.55,-6.877122576003487,0.5640171541706469
DNK,2015-01-01,6.3,100.0,-8.474571838962323,0.45203415369161515
DNK,2016-01-01,6.008333,100.25,-4.629634920634912,0.25
DNK,2017-01-01,5.816667,101.4,-3.1900029509016985,1.1471321695760655
DNK,2018-01-01,5.116667,102.225,-12.03438326450526,0.81360946745561
DNK,2019-01-01,5.058333,103.0,-1.1400781016235657,0.7581315725116221
DNK,2020-01-01,5.641667,103.4333,11.53213914544574,0.42067961165048806
EA19,1992-01-01,8.50725,63.83337,8.508807296597894,3.770491883228518
EA19,1993-01-01,10.16667,65.99258,19.505950806664888,3.3825724695406203
EA19,1994-01-01,10.85833,67.86114,6.803210884193158,2.83146984100334
EA19,1995-01-01,10.65,69.59326,-1.9186191615101045,2.5524475421426676
EA19,1996-01-01,10.78333,71.23,1.2519248826290992,2.3518656835446468
EA19,1997-01-01,10.75833,72.44,-0.23183932978030516,1.6987224484065615
EA19,1998-01-01,10.55,73.33,-1.9364529624951095,1.228602981778024
EA19,1999-01-01,9.816667,74.19,-6.951023696682465,1.1727805809354963
EA19,2000-01-01,8.883333,75.81,-9.507646536242905,2.1835826930853277
EA19,2001-01-01,8.308333,77.64,-6.472795740067394,2.413929560743963
EA19,2002-01-01,8.6,79.4,3.5105357476644277,2.2668727460072193
EA19,2003-01-01,9.066667,81.08,5.426360465116291,2.1158690176322326
EA19,2004-01-01,9.283334,82.85,2.3897094709665554,2.183029107054756
EA19,2005-01-01,9.141666,84.67,-1.5260465690451215,2.196741098370558
EA19,2006-01-01,8.408334,86.53,-8.021863848449513,2.196763906932797
EA19,2007-01-01,7.508333,88.41,-10.703678041333749,2.1726568820062355
EA19,2008-01-01,7.6,91.37,1.2208701984847938,3.348037552313096
EA19,2009-01-01,9.658334,91.65,27.083342105263164,0.3064463171719395
EA19,2010-01-01,10.24167,93.13,6.039716580519986,1.614839061647561
EA19,2011-01-01,10.25,95.67,0.0813343917544779,2.7273703425319513
EA19,2012-01-01,11.45,98.06,11.707317073170724,2.498170795442668
EA19,2013-01-01,12.075,99.38,5.458515283842795,1.3461146236997688
EA19,2014-01-01,11.65,99.81,-3.519668737060033,0.4326826323203933
EA19,2015-01-01,10.9,100.0,-6.437768240343347,0.19036168720568852
EA19,2016-01-01,10.04167,100.23,-7.874587155963307,0.23000000000000398
EA19,2017-01-01,9.083333,101.78,-9.543601811252513,1.546443180684423
EA19,2018-01-01,8.2,103.56,-9.724767329349264,1.7488701120062893
EA19,2019-01-01,7.566667,104.8,-7.723573170731702,1.1973735032831159
EA19,2020-01-01,7.941667,105.06,4.955946918240224,0.24809160305344
ESP,1988-01-01,18.69167,42.73304,-5.198646627447749,4.8372586651410385
ESP,1989-01-01,16.54167,45.63523,-11.50245002185465,6.791442874178848
ESP,1990-01-01,15.45833,48.70275,-6.549157370446876,6.721824344919488
ESP,1991-01-01,15.5,51.59287,0.26956340044493726,5.934202894087081
ESP,1992-01-01,17.01667,54.64951,9.784967741935493,5.924539573006894
ESP,1993-01-01,20.84167,57.14648,22.477958378460645,4.569062009888099
ESP,1994-01-01,22.05,59.84289,5.7976640067710505,4.718418352276466
ESP,1995-01-01,20.75,62.63983,-5.895691609977327,4.673805025124968
ESP,1996-01-01,19.89167,64.86909,-4.136530120481922,3.55885384746414
ESP,1997-01-01,18.39167,66.14771,-7.540844986871388,1.9710774422764428
ESP,1998-01-01,16.40833,67.36108,-10.783903799926824,1.8343340986407504
ESP,1999-01-01,13.6,68.91734,-17.115270109755226,2.3103251907481215
ESP,2000-01-01,11.91667,71.28364,-12.377426470588233,3.433533563541497
ESP,2001-01-01,10.55833,73.8426,-11.398654154222614,3.5898279044111647
ESP,2002-01-01,11.44167,76.10644,8.36628519851151,3.06576420656911
ESP,2003-01-01,11.49167,78.41949,0.436999144355666,3.039230320062257
ESP,2004-01-01,10.95833,80.80282,-4.6411009017836315,3.039206197336913
ESP,2005-01-01,9.166667,83.52463,-16.349781399173047,3.3684591701131286
ESP,2006-01-01,8.458333,86.46083,-7.727279719008018,3.5153702566536356
ESP,2007-01-01,8.225,88.87052,-2.758616857482438,2.7870308439093145
ESP,2008-01-01,11.26667,92.49258,36.98079027355623,4.075659735084261
ESP,2009-01-01,17.86667,92.2262,58.57986432548393,-0.2880014807674281
ESP,2010-01-01,19.875,93.88617,11.240650887938273,1.7998898360769513
ESP,2011-01-01,21.40833,96.8869,7.714867924528299,3.196136342551826
ESP,2012-01-01,24.79167,99.25676,15.803848315118465,2.446006632475601
ESP,2013-01-01,26.11667,100.6548,5.344537096532825,1.4085085993135325
ESP,2014-01-01,24.45,100.503,-6.381632880455279,-0.15081247988172883
ESP,2015-01-01,22.075,100.0,-9.713701431492844,-0.5004825726595227
ESP,2016-01-01,19.65,99.79733,-10.985277463193661,-0.20266999999999769
ESP,2017-01-01,17.23333,101.7495,-12.298575063613232,1.9561344977866595
ESP,2018-01-01,15.26667,103.4538,-11.411955785678098,1.6749959459260277
ESP,2019-01-01,14.10833,104.1775,-7.587378256030942,0.699539311267439
ESP,2020-01-01,15.54167,103.8414,10.159529866398074,-0.32262244726548617
EST,1999-01-01,11.35,57.30778,24.043715846994527,3.296104318867299
EST,2000-01-01,14.45833,59.61068,27.38616740088106,4.018477072397502
EST,2001-01-01,13.04167,63.03727,-9.798227042818917,5.748282019262316
EST,2002-01-01,11.33333,65.28891,-13.09908930374714,3.571918644319467
EST,2003-01-01,10.35,66.16051,-8.676443728365808,1.3349893573043274
EST,2004-01-01,10.08333,68.17715,-2.5765217391304303,3.0481022591875355
EST,2005-01-01,7.975,70.95859,-20.9090647633272,4.079724658481623
EST,2006-01-01,5.941667,74.10746,-25.496338557993727,4.4376163618809255
EST,2007-01-01,4.6,78.99954,-22.580649504591896,6.601332713332764
EST,2008-01-01,5.516667,87.18575,19.92754347826088,10.362351476983289
EST,2009-01-01,13.475,87.11739,144.2598039722173,-0.07840730853378955
EST,2010-01-01,16.58333,89.70656,23.067384044526904,2.9720472571549674
EST,2011-01-01,12.35,94.17565,-25.52762322163281,4.981898759689379
EST,2012-01-01,9.908334,97.87996,-19.770574898785423,3.9334052910704544
EST,2013-01-01,8.491667,100.6016,-14.297731586359529,2.7805896120104747
EST,2014-01-01,7.316667,100.4948,-13.837094648200406,-0.10616133341816321
EST,2015-01-01,6.158333,100.0,-15.831443470093692,-0.4923637839967818
EST,2016-01-01,6.691667,100.1487,8.660363120993944,0.14870000000000516
EST,2017-01-01,5.766667,103.571,-13.823162449655667,3.4172185959478183
EST,2018-01-01,5.533333,107.13,-4.046254101372598,3.4362900812003336
EST,2019-01-01,4.533333,109.5697,-18.07229024531869,2.2773266125268385
EST,2020-01-01,6.783333,109.0826,49.63235659061446,-0.4445572087903847
EU27_2020,2000-01-01,8.983334,73.13,32.43244876817929,-32.959060381765745
EU27_2020,2001-01-01,8.733334,75.73,-2.7829311478344234,3.555312457267891
EU27_2020,2002-01-01,9.05,77.81,3.62594628809572,2.7465997623134797
EU27_2020,2003-01-01,9.791667,79.59,8.195215469613254,2.287623698753375
EU27_2020,2004-01-01,9.941667,81.55,1.5319148414667323,2.4626209322779165
EU27_2020,2005-01-01,9.666667,83.45,-2.7661356993751687,2.329858982219504
EU27_2020,2006-01-01,8.691667,85.38,-10.086206548751495,2.3127621330137718
EU27_2020,2007-01-01,7.516667,87.41,-13.518695550577359,2.3776059967205447
EU27_2020,2008-01-01,7.258333,90.64,-3.436815812114593,3.695229378789617
EU27_2020,2009-01-01,9.191667,91.35,26.636060924733,0.7833186231244414
EU27_2020,2010-01-01,9.925,93.03,7.978237244669547,1.8390804597701225
EU27_2020,2011-01-01,9.933333,95.69,0.08395969773298328,2.8592927012791534
EU27_2020,2012-01-01,10.93333,98.19,10.067084230439074,2.612603197826314
EU27_2020,2013-01-01,11.44167,99.49,4.649452637028247,1.323963743762091
EU27_2020,2014-01-01,10.9,99.89,-4.734186530462772,0.40205045733240097
EU27_2020,2015-01-01,10.06667,100.0,-7.645229357798166,0.11012113324657066
EU27_2020,2016-01-01,9.141666,100.18,-9.188778414311779,0.18000000000000682
EU27_2020,2017-01-01,8.158334,101.74,-10.756595132659633,1.5571970453184147
EU27_2020,2018-01-01,7.283333,103.57,-10.725241207334735,1.7987025751916634
EU27_2020,2019-01-01,6.716667,105.04,-7.780311568892974,1.4193299217920374
EU27_2020,2020-01-01,7.15,105.76,6.451607620267615,0.6854531607006843
EU28,2000-01-01,8.983334,73.13,25.64103496503495,-30.85287443267777
EU28,2001-01-01,8.733334,75.73,-2.7829311478344234,3.555312457267891
EU28,2002-01-01,9.05,77.81,3.62594628809572,2.7465997623134797
EU28,2003-01-01,9.166667,79.59,1.289138121546957,2.287623698753375
EU28,2004-01-01,9.258333,81.55,0.9999926909093569,2.4626209322779165
EU28,2005-01-01,9.008333,83.45,-2.7002701242221465,2.329858982219504
EU28,2006-01-01,8.233334,85.38,-8.603134453399992,2.3127621330137718
EU28,2007-01-01,7.183333,87.41,-12.753047550360511,2.3776059967205447
EU28,2008-01-01,7.05,90.64,-1.856143937640095,3.695229378789617
EU28,2009-01-01,8.966666,91.35,27.18675177304965,0.7833186231244414
EU28,2010-01-01,9.65,93.03,7.620825845414566,1.8390804597701225
EU28,2011-01-01,9.666667,95.69,0.17271502590673563,2.8592927012791534
EU28,2012-01-01,10.49167,98.19,8.534513498809867,2.612603197826314
EU28,2013-01-01,10.89167,99.49,3.812548431279295,1.323963743762091
EU28,2014-01-01,10.24167,99.89,-5.967863514043304,0.40205045733240097
EU28,2015-01-01,9.425,100.0,-7.973992522703802,0.11012113324657066
EU28,2016-01-01,8.55,100.18,-9.283819628647214,0.18000000000000682
EU28,2017-01-01,7.641667,101.74,-10.623777777777784,1.5571970453184147
EU28,2018-01-01,6.833333,103.57,-10.57797990935748,1.7987025751916634
EU28,2019-01-01,6.325,105.04,-7.439019875074133,1.4193299217920374
FIN,1989-01-01,3.108333,61.95792,-26.138615931771554,6.592913913870173
FIN,1990-01-01,3.166667,65.76806,1.8766972521927312,6.149560863243963
FIN,1991-01-01,6.608333,68.6028,108.68417803324442,4.310207720890651
FIN,1992-01-01,11.70833,70.60554,77.17524222825938,2.9193269079396216
FIN,1993-01-01,16.34167,72.15226,39.573021942497355,2.19064962891013
FIN,1994-01-01,16.58333,72.93768,1.4787962307401847,1.0885591109689454
FIN,1995-01-01,15.4,73.51479,-7.135659725760747,0.7912371218826876
FIN,1996-01-01,14.56667,73.97735,-5.411233766233767,0.6292067215318119
FIN,1997-01-01,12.64167,74.85957,-13.215099950778047,1.1925542074702646
FIN,1998-01-01,11.35833,75.9072,-10.151665088552374,1.3994603495585107
FIN,1999-01-01,10.21667,76.78943,-10.051301555774483,1.162248113485931
FIN,2000-01-01,9.783334,79.12543,-4.241460280110844,3.042085349507085
FIN,2001-01-01,9.125,81.16563,-6.729137531234239,2.5784378043822307
FIN,2002-01-01,9.075,82.44093,-0.5479452054794598,1.5712315668590282
FIN,2003-01-01,9.008333,83.1643,-0.7346225895316686,0.8774403685159821
FIN,2004-01-01,8.825,83.31992,-2.035149011476386,0.18712356143200748
FIN,2005-01-01,8.4,83.83973,-4.815864022662878,0.6238724185044906
FIN,2006-01-01,7.716667,85.15321,-8.134916666666669,1.5666558086482367
FIN,2007-01-01,6.866667,87.29113,-11.015118314681722,2.5106745829076718
FIN,2008-01-01,6.366667,90.84034,-7.281553044584804,4.065945761041245
FIN,2009-01-01,8.241667,90.84034,29.450260238206273,0.0
FIN,2010-01-01,8.383333,91.91602,1.7188998293670532,1.1841435203787276
FIN,2011-01-01,7.775,95.05661,-7.256457544988371,3.4168037301876244
FIN,2012-01-01,7.683333,97.72611,-1.1789967845659184,2.8083265329996507
FIN,2013-01-01,8.191667,99.17079,6.616061024557969,1.4782947975725127
FIN,2014-01-01,8.658334,100.2034,5.696850225967428,1.0412441002033013
FIN,2015-01-01,9.375,99.995,8.27718126835948,-0.20797697483318678
FIN,2016-01-01,8.791667,100.3517,-6.222218666666663,0.3567178358917839
FIN,2017-01-01,8.633333,101.1083,-1.800955381954298,0.7539483636052065
FIN,2018-01-01,7.358333,102.2042,-14.768340338545961,1.083887277305622
FIN,2019-01-01,6.691667,103.2508,-9.060014000453638,1.024028366740308
FIN,2020-01-01,7.758333,103.5508,15.940213402729105,0.29055464945549786
FRA,1984-01-01,10.05,54.84153,14.747863548919645,7.673802245811798
FRA,1985-01-01,10.38333,58.03939,3.316716417910449,5.831091875080798
FRA,1986-01-01,10.55,59.51274,1.6051690546289086,2.538534605549789
FRA,1987-01-01,10.65,61.47005,0.9478672985781956,3.2888924287471886
FRA,1988-01-01,10.06667,63.13025,-5.477276995305165,2.7008274761448803
FRA,1989-01-01,9.675,65.33873,-3.890760301072743,3.4982912312243366
FRA,1990-01-01,9.366667,67.42583,-3.186904392764869,3.194276962530503
FRA,1991-01-01,9.625,69.5925,2.758003460569276,3.213412426662002
FRA,1992-01-01,10.64167,71.2375,10.56280519480519,2.3637604626935316
FRA,1993-01-01,11.825,72.73666,11.11977725300634,2.104453412879457
FRA,1994-01-01,12.275,73.94083,3.805496828752652,1.6555200637477785
FRA,1995-01-01,11.95,75.26917,-2.6476578411405383,1.7964905181616126
FRA,1996-01-01,12.4,76.76167,3.765690376569047,1.982883563084318
FRA,1997-01-01,12.33333,77.68584,-0.5376612903225825,1.2039472304341525
FRA,1998-01-01,12.05,78.19167,-2.29727089115429,0.6511225211698851
FRA,1999-01-01,11.31667,78.61166,-6.085726141078842,0.5371288271500001
FRA,2000-01-01,9.558333,79.92917,-15.537583052258313,1.6759727500983934
FRA,2001-01-01,8.741667,81.23583,-8.544021222110588,1.6347723866017976
FRA,2002-01-01,8.633333,82.79833,-1.2392830795316188,1.9234123661935871
FRA,2003-01-01,8.5,84.53584,-1.544397743026944,2.098484353488755
FRA,2004-01-01,8.85,86.34666,4.117647058823525,2.1420737050699525
FRA,2005-01-01,8.866667,87.85416,0.18832768361581909,1.7458694986001695
FRA,2006-01-01,8.841666,89.32584,-0.281966154813298,1.6751397998683346
FRA,2007-01-01,7.991667,90.655,-9.613561516573917,1.4879904851720416
FRA,2008-01-01,7.425,93.205,-7.090723374735206,2.812861949147865
FRA,2009-01-01,9.108334,93.28667,22.671164983164978,0.08762405450351653
FRA,2010-01-01,9.266666,94.715,1.7383200923462125,1.531119076283892
FRA,2011-01-01,9.183333,96.715,-0.8992770431134718,2.1115979517499865
FRA,2012-01-01,9.766666,98.605,6.3520837151391705,1.9541953161350365
FRA,2013-01-01,10.31667,99.45667,5.631440657436217,0.8637188783530232
FRA,2014-01-01,10.3,99.96167,-0.16158314649978645,0.5077588059202016
FRA,2015-01-01,10.35833,99.99917,0.5663106796116483,0.03751437926157949
FRA,2016-01-01,10.05,100.1825,-2.976638126029966,0.1833315216516277
FRA,2017-01-01,9.433333,101.2167,-6.135990049751257,1.0323160232575535
FRA,2018-01-01,9.025,103.09,-4.328618527513012,1.8507815409907658
FRA,2019-01-01,8.425,104.2325,-6.6481994459833755,1.1082549228829162
FRA,2020-01-01,8.016666,104.7292,-4.846694362017804,0.4765308325138552
G-7,1992-01-01,7.014071,65.03058,10.166156966179773,3.2504304709101675
G-7,1993-01-01,7.211086,66.90595,2.808853802591954,2.8838278852810535
G-7,1994-01-01,7.018174,68.42443,-2.6752142465087747,2.269573931765406
G-7,1995-01-01,6.741108,70.02652,-3.9478360040660214,2.34140057871144
G-7,1996-01-01,6.773658,71.66092,0.4828583075660637,2.3339729005525327
G-7,1997-01-01,6.552429,73.15085,-3.266019630751953,2.079138810944656
G-7,1998-01-01,6.37944,74.12359,-2.640074390733578,1.329772654726483
G-7,1999-01-01,6.137665,75.23119,-3.7899094591374736,1.4942611387279072
G-7,2000-01-01,5.698733,76.96371,-7.151449288939692,2.3029278149129477
G-7,2001-01-01,5.898816,78.58257,3.5110084996086015,2.103406917364038
G-7,2002-01-01,6.481965,79.64762,9.885865231259963,1.3553259965918643
G-7,2003-01-01,6.643335,81.07975,2.4895228530237463,1.7980826043515183
G-7,2004-01-01,6.396207,82.74136,-3.719938856011326,2.0493526435392266
G-7,2005-01-01,6.218685,84.74227,-2.775426123638597,2.418270620642451
G-7,2006-01-01,5.812866,86.80153,-6.525800872692542,2.4300269511307575
G-7,2007-01-01,5.418211,88.74498,-6.789335931707344,2.2389582303445557
G-7,2008-01-01,5.841424,91.63043,7.810936118951433,3.251395177507512
G-7,2009-01-01,8.014633,91.51301,37.20341135996976,-0.12814520241802843
G-7,2010-01-01,8.167721,92.74805,1.9101061770389278,1.3495786009005848
G-7,2011-01-01,7.651042,95.13237,-6.325864950578012,2.5707494658917227
G-7,2012-01-01,7.383333,96.90511,-3.4989874581788984,1.863445638955488
G-7,2013-01-01,7.113926,98.17814,-3.648853437871489,1.3136871729468196
G-7,2014-01-01,6.397633,99.70355,-10.06888460745867,1.5537165401585402
G-7,2015-01-01,5.818394,100.0,-9.053957924751238,0.29733143905105985
G-7,2016-01-01,5.465584,100.8684,-6.063700739413657,0.8683999999999941
G-7,2017-01-01,4.991587,102.651,-8.672394386400425,1.7672531734418333
G-7,2018-01-01,4.556407,104.7951,-8.718269360025175,2.088727825349981
G-7,2019-01-01,4.288278,106.3907,-5.884658679525338,1.5225902737818755
G-7,2020-01-01,6.507003,107.3188,51.739299551008585,0.8723506847872987
GBR,1984-01-01,10.85,40.48094,0.6960556844547497,4.960704174554307
GBR,1985-01-01,11.175,42.9387,2.9953917050691343,6.071400515897112
GBR,1986-01-01,11.2,44.41047,0.22371364653242576,3.4276072633777908
GBR,1987-01-01,10.275,46.25303,-8.258928571428562,4.148931546997828
GBR,1988-01-01,8.45,48.2,-17.761557177615583,4.209389092995638
GBR,1989-01-01,7.075,51.0,-16.272189349112416,5.809128630705388
GBR,1990-01-01,6.825,55.1,-3.5335689045936394,8.039215686274511
GBR,1991-01-01,8.6,59.2,26.007326007325997,7.441016333938296
GBR,1992-01-01,9.855444,61.9,14.598186046511636,4.5608108108108025
GBR,1993-01-01,10.39069,63.5,5.430967899569,2.584814216478193
GBR,1994-01-01,9.512666,64.9,-8.450102928679422,2.204724409448828
GBR,1995-01-01,8.638574,66.6,-9.188717442618076,2.6194144838212456
GBR,1996-01-01,8.113807,68.5,-6.074694735496862,2.8528528528528616
GBR,1997-01-01,6.98159,70.0,-13.95420176989667,2.18978102189781
GBR,1998-01-01,6.26345,71.3,-10.286195551443152,1.857142857142853
GBR,1999-01-01,5.979465,72.6,-4.534002825918615,1.8232819074333761
GBR,2000-01-01,5.458603,73.4,-8.710846204468128,1.1019283746556632
GBR,2001-01-01,5.09697,74.6,-6.625010098737723,1.6348773841961697
GBR,2002-01-01,5.184958,75.7,1.7262805156789265,1.4745308310992074
GBR,2003-01-01,5.007329,76.7,-3.4258522441261743,1.321003963011889
GBR,2004-01-01,4.747302,77.8,-5.192928205835885,1.434159061277698
GBR,2005-01-01,4.823375,79.4,1.6024470320194513,2.05655526992289
GBR,2006-01-01,5.417598,81.4,12.319651696167092,2.5188916876574305
GBR,2007-01-01,5.32914,83.3,-1.6327900298250286,2.3341523341523236
GBR,2008-01-01,5.68196,86.2,6.620580431364168,3.481392557022816
GBR,2009-01-01,7.611054,87.9,33.95120697787383,1.972157772621813
GBR,2010-01-01,7.867382,90.1,3.367838409765584,2.502844141069384
GBR,2011-01-01,8.106182,93.6,3.03531721225689,3.88457269700333
GBR,2012-01-01,7.965578,96.0,-1.734528042918363,2.5641025641025705
GBR,2013-01-01,7.603673,98.2,-4.5433614484724165,2.2916666666666696
GBR,2014-01-01,6.178483,99.6,-18.743441492026285,1.4256619144602765
GBR,2015-01-01,5.383935,100.0,-12.859920469150758,0.40160642570281696
GBR,2016-01-01,4.892704,101.0,-9.124014312951399,1.0
GBR,2017-01-01,4.401906,103.6,-10.03122199912359,2.5742574257425686
GBR,2018-01-01,4.080814,106.0,-7.294385659303042,2.316602316602322
GBR,2019-01-01,3.833521,107.8,-6.059893932926126,1.6981132075471672
GBR,2020-01-01,4.483186,108.9,16.946952944825387,1.0204081632653141
GRC,2000-01-01,11.23333,71.64864,-6.258694369595095,3.1511733974624767
GRC,2001-01-01,10.675,74.06605,-4.97029821077098,3.37397890594993
GRC,2002-01-01,10.33333,76.75417,-3.200655737704923,3.6293551498966092
GRC,2003-01-01,9.741667,79.4641,-5.7257728147654285,3.530661591415815
GRC,2004-01-01,10.60833,81.76764,8.896454785407887,2.8988436287581414
GRC,2005-01-01,10.00833,84.66636,-5.6559326491540105,3.5450699078510732
GRC,2006-01-01,9.033334,87.37225,-9.741845043079122,3.1959446467286377
GRC,2007-01-01,8.416667,89.90168,-6.826571451913542,2.8950038484759237
GRC,2008-01-01,7.766667,93.63511,-7.72277197137537,4.152792250378412
GRC,2009-01-01,9.625,94.76817,23.92703330785265,1.2100802786476146
GRC,2010-01-01,12.75,99.23457,32.467532467532465,4.7129748311062745
GRC,2011-01-01,17.91667,102.539,40.52290196078432,3.3299181928233237
GRC,2012-01-01,24.49167,104.0786,36.697667591131605,1.5014774866148421
GRC,2013-01-01,27.49167,103.1188,12.249062640481437,-0.9221876543304784
GRC,2014-01-01,26.55,101.7667,-3.425292097569913,-1.3112061040275809
GRC,2015-01-01,24.95833,100.0,-5.994990583804145,-1.7360295656634244
GRC,2016-01-01,23.56667,99.17434,-5.575933966735762,-0.8256599999999992
GRC,2017-01-01,21.53333,100.2863,-8.628032725879384,1.1212174439476947
GRC,2018-01-01,19.30833,100.9138,-10.332818936968865,0.6257085962888228
GRC,2019-01-01,17.33333,101.1691,-10.228745831462385,0.2529881938842908
GRC,2020-01-01,16.43333,99.9065,-5.192308690828586,-1.2480095206935775
HUN,1997-01-01,9.05,37.68695,-8.739498865899193,18.305052715774305
HUN,1998-01-01,8.708333,43.02109,-3.77532596685084,14.1538118632577
HUN,1999-01-01,6.866667,47.32222,-21.1483185128543,9.99772437193014
HUN,2000-01-01,6.266667,51.96151,-8.73786365350176,9.803618680611338
HUN,2001-01-01,5.575,56.69874,-11.037238774614956,9.116805881892201
HUN,2002-01-01,5.583333,59.68419,0.14947085201792787,5.265460925586706
HUN,2003-01-01,5.741667,62.46608,2.8358330051243583,4.661016594176778
HUN,2004-01-01,6.066667,66.679,5.660377029876518,6.7443322840171875
HUN,2005-01-01,7.175,69.05379,18.269224270921747,3.561526117668238
HUN,2006-01-01,7.458333,71.76783,3.9488919860627156,3.9303273578466826
HUN,2007-01-01,7.391667,77.47964,-0.8938458500042794,7.958733042367312
HUN,2008-01-01,7.8,82.16136,5.524234249188983,6.04251645980802
HUN,2009-01-01,9.675,85.62177,24.03846153846155,4.211724343413979
HUN,2010-01-01,10.8,89.77917,11.627906976744185,4.855540827992689
HUN,2011-01-01,10.66667,93.30743,-1.2345370370370448,3.9299316311344863
HUN,2012-01-01,10.675,98.5813,0.0780937255957186,5.6521436717311815
HUN,2013-01-01,9.85,100.2899,-7.728337236533968,1.7331887487789308
HUN,2014-01-01,7.5,100.0617,-23.857868020304565,-0.22754036049492626
HUN,2015-01-01,6.633333,100.0,-11.555559999999995,-0.06166195457402969
HUN,2016-01-01,4.975,100.3948,-24.9999962311556,0.3948000000000036
HUN,2017-01-01,4.05,102.7523,-18.592964824120603,2.348229191153328
HUN,2018-01-01,3.591667,105.681,-11.316864197530856,2.8502525004306394
HUN,2019-01-01,3.3,109.2092,-8.120658179057255,3.3385376747002757
HUN,2020-01-01,4.125,112.8423,25.000000000000007,3.3267343776897906
IRL,1984-01-01,15.5,46.9472,11.444005139366126,8.651111466488679
IRL,1985-01-01,16.81667,49.48024,8.494645161290313,5.3955081453207
IRL,1986-01-01,16.83333,51.37386,0.09906836490221711,3.827022666017785
IRL,1987-01-01,16.625,52.99697,-1.23760420546618,3.159408306091847
IRL,1988-01-01,16.225,54.12823,-2.4060150375939764,2.1345748634308803
IRL,1989-01-01,14.73333,56.34156,-9.193651771956862,4.089049281677969
IRL,1990-01-01,13.45,58.2106,-8.710386586060322,3.317338036078515
IRL,1991-01-01,14.75833,60.07963,9.72736059479555,3.2108069664287986
IRL,1992-01-01,15.39167,61.92408,4.2914069545808955,3.0700089198285587
IRL,1993-01-01,15.64167,62.834,1.6242551977790585,1.4694122221920887
IRL,1994-01-01,14.34167,64.28496,-8.311133018405316,2.309195658401494
IRL,1995-01-01,12.29167,65.90807,-14.294011785238403,2.5248674028886335
IRL,1996-01-01,11.66667,67.06392,-5.084744383798133,1.7537306129583237
IRL,1997-01-01,9.875,68.08705,-15.357167040809415,1.5256042295171666
IRL,1998-01-01,7.55,69.7317,-23.544303797468356,2.415510732217064
IRL,1999-01-01,5.916667,70.86967,-21.633549668874167,1.6319263692122745
IRL,2000-01-01,4.5,74.83179,-23.943666256694865,5.590713206368816
IRL,2001-01-01,4.175,78.47828,-7.222222222222225,4.872915641868249
IRL,2002-01-01,4.725,82.09985,13.173652694610775,4.614741811364884
IRL,2003-01-01,4.85,84.96553,2.6455026455026456,3.490481407700498
IRL,2004-01-01,4.741667,86.83446,-2.233670103092784,2.1996331924252175
IRL,2005-01-01,4.633333,88.94427,-2.284723916715351,2.429692083073927
IRL,2006-01-01,4.783333,92.44123,3.2374103048496505,3.931630446795506
IRL,2007-01-01,5.0,96.96819,4.529624009033036,4.897122204020871
IRL,2008-01-01,6.783333,100.9054,35.66665999999999,4.060310912269264
IRL,2009-01-01,12.65,96.38674,86.48649565044207,-4.478115145472885
IRL,2010-01-01,14.55833,95.49796,15.085612648221339,-0.9220977906297039
IRL,2011-01-01,15.40833,97.94003,5.838581760407957,2.557195986176026
IRL,2012-01-01,15.49167,99.6013,0.540876266279342,1.696211446943606
IRL,2013-01-01,13.78333,100.108,-11.027474765470732,0.508728299731037
IRL,2014-01-01,11.91667,100.2907,-13.542881147008737,0.18250289687137589
IRL,2015-01-01,9.958333,100.0,-16.433592605988085,-0.28985738458301824
IRL,2016-01-01,8.408334,100.0083,-15.564844035643313,0.008300000000005525
IRL,2017-01-01,6.741667,100.3489,-19.821607942786294,0.34057173254619355
IRL,2018-01-01,5.766667,100.8389,-14.462298419663858,0.4882963340903536
IRL,2019-01-01,4.966667,101.7859,-13.872831568044415,0.9391217079916607
IRL,2020-01-01,5.65,101.4453,13.758381626954257,-0.33462395086155833
ISL,2004-01-01,3.408333,54.73019,-3.0805873857263184,3.1581980984879365
ISL,2005-01-01,2.883333,56.9123,-15.403424489332467,3.9870316547411977
ISL,2006-01-01,3.208333,60.71807,11.271677603662155,6.687078188721937
ISL,2007-01-01,2.475,63.78529,-22.857134842299725,5.051576902889051
ISL,2008-01-01,3.333333,71.88245,34.680121212121215,12.694400229269165
ISL,2009-01-01,8.016666,80.51058,140.50000405000043,12.00311063409775
ISL,2010-01-01,8.3,84.85552,3.5343121442255416,5.3967317090499085
ISL,2011-01-01,7.675,88.25061,-7.53012048192772,4.001024329354173
ISL,2012-01-01,6.633333,92.8272,-13.572208469055369,5.185901831160159
ISL,2013-01-01,5.841667,96.42172,-11.934663916314772,3.8722701966664816
ISL,2014-01-01,5.408333,98.39318,-7.417985311384581,2.044622311238596
ISL,2015-01-01,4.508333,100.0,-16.6409871581502,1.6330603401577213
ISL,2016-01-01,3.341667,101.6969,-25.877990822771967,1.6968999999999994
ISL,2017-01-01,3.283333,103.4872,-1.7456556862188939,1.7604273089936882
ISL,2018-01-01,3.1,106.2637,-5.583746759771237,2.6829404989216044
ISL,2019-01-01,3.933333,109.4665,26.881709677419355,3.0140113698280753
ISL,2020-01-01,6.433333,112.584,63.55932742028198,2.8479032398039648
ISR,1996-01-01,6.677445,61.99597,-2.7977024113501248,11.396234131293669
ISR,1997-01-01,7.673759,67.54872,14.920587140740222,8.956630568083705
ISR,1998-01-01,8.535764,71.26176,11.23315183601674,5.496832508447225
ISR,1999-01-01,8.884659,74.9496,4.087448996949761,5.1750616319327625
ISR,2000-01-01,8.770606,75.73925,-1.2837071180784587,1.0535746688441228
ISR,2001-01-01,9.348134,76.6129,6.5848129536317,1.1534970309317796
ISR,2002-01-01,10.29844,81.02319,10.165729331650567,5.756589295014291
ISR,2003-01-01,10.71266,81.61122,4.02216257996357,0.7257551819423592
ISR,2004-01-01,10.36771,81.2752,-3.2200219179923475,-0.4117326024534431
ISR,2005-01-01,8.989903,82.34207,-13.289405278504132,1.3126636415536457
ISR,2006-01-01,8.403837,84.03898,-6.519158215611455,2.060805612489446
ISR,2007-01-01,7.318558,84.4254,-12.914089123813314,0.45981043558596396
ISR,2008-01-01,6.099141,88.27285,-16.661984505690874,4.557218562186272
ISR,2009-01-01,7.544086,91.22144,23.69095910391315,3.340313584527967
ISR,2010-01-01,6.636595,93.6996,-12.029170929387606,2.7166420525701005
ISR,2011-01-01,5.602376,96.95901,-15.583578627293067,3.4785740814261774
ISR,2012-01-01,6.85,98.59711,22.269551347499707,1.6894768211845337
ISR,2013-01-01,6.208333,100.1512,-9.367401459854014,1.5762023856480196
ISR,2014-01-01,5.908333,100.6384,-4.832215024548455,0.4864644657278209
ISR,2015-01-01,5.241667,100.0,-11.283487237432288,-0.6343503076360557
ISR,2016-01-01,4.808333,99.45396,-8.26710281290283,-0.546040000000005
ISR,2017-01-01,4.216667,99.69758,-12.3050129847496,0.24495756629500431
ISR,2018-01-01,4.0,100.5124,-5.138347419893488,0.8172916534182649
ISR,2019-01-01,3.8,101.3609,-5.000000000000004,0.8441744501175988
ISR,2020-01-01,4.325,100.7645,13.815789473684221,-0.5883925655750912
ITA,1984-01-01,7.833333,36.09576,6.334832292541526,10.794492897576411
ITA,1985-01-01,8.141666,39.41873,3.936166124943253,9.205984303973647
ITA,1986-01-01,8.883333,41.7143,9.109523775600714,5.823551392954581
ITA,1987-01-01,9.633333,43.6946,8.442777052261803,4.747292894762706
ITA,1988-01-01,9.7,45.90478,0.6920450066451447,5.0582451836153695
ITA,1989-01-01,9.7,48.77834,0.0,6.259827407951846
ITA,1990-01-01,8.866667,51.92776,-8.5910618556701,6.456595283890348
ITA,1991-01-01,8.516666,55.17325,-3.9473795508503806,6.250009628761194
ITA,1992-01-01,8.791667,58.08121,3.2289748124442075,5.270597617504852
ITA,1993-01-01,9.725,60.76847,10.616109550100102,4.626728678689721
ITA,1994-01-01,10.65,63.23071,9.511568123393324,4.051838066681622
ITA,1995-01-01,11.18333,66.54111,5.007793427230041,5.235430694989826
ITA,1996-01-01,11.16667,69.2074,-0.14897172845655005,4.006981548699749
ITA,1997-01-01,11.21667,70.62138,0.4477610603698391,2.0431052170721555
ITA,1998-01-01,11.3,72.00208,0.7429121120617805,1.9550736618287612
ITA,1999-01-01,10.86667,73.19981,-3.83477876106196,1.6634658332092527
ITA,2000-01-01,10.05,75.05739,-7.515365792832565,2.5376841825135865
ITA,2001-01-01,9.008333,77.14787,-10.364845771144282,2.7851754504120105
ITA,2002-01-01,8.475,79.0498,-5.920440552097715,2.465304615668595
ITA,2003-01-01,8.433333,81.16246,-0.4916460176991191,2.6725684315456726
ITA,2004-01-01,8.058333,82.9535,-4.446640491962075,2.206734492769206
ITA,2005-01-01,7.783333,84.60037,-3.412616480356415,1.9852929653359925
ITA,2006-01-01,6.866667,86.36923,-11.777293866265264,2.0908419194856993
ITA,2007-01-01,6.158333,87.94956,-10.315543188565863,1.8297372802791034
ITA,2008-01-01,6.766667,90.89397,9.878225162556168,3.347839375205505
ITA,2009-01-01,7.875,91.59818,16.379304611856917,0.7747598658084837
ITA,2010-01-01,8.541667,92.99553,8.465612698412702,1.5255215769571
ITA,2011-01-01,8.508333,95.5814,-0.3902516920877385,2.7806390264134198
ITA,2012-01-01,10.88333,98.48837,27.913775824241956,3.0413553264547297
ITA,2013-01-01,12.375,99.68993,13.7060072606454,1.2200019149469126
ITA,2014-01-01,12.825,99.93023,3.6363636363636305,0.24104741572191957
ITA,2015-01-01,12.01667,99.96899,-6.302768031189082,0.038787061732981666
ITA,2016-01-01,11.76667,99.875,-2.0804432509172677,-0.09401915534007607
ITA,2017-01-01,11.275,101.1,-4.178497399859086,1.226533166458067
ITA,2018-01-01,10.675,102.25,-5.321507760532147,1.137487636003962
ITA,2019-01-01,10.025,102.875,-6.088992974238878,0.6112469437652812
ITA,2020-01-01,9.283334,102.7333,-7.398164588528682,-0.13773997569866359
JPN,1960-01-01,1.625,18.31175,-26.966292134831463,3.574535429739505
JPN,1961-01-01,1.433333,19.29481,-11.79489230769231,5.36846560268679
JPN,1962-01-01,1.283333,20.61369,-10.465118712818299,6.83541325361587
JPN,1963-01-01,1.283333,21.99623,0.0,6.706902063628601
JPN,1964-01-01,1.175,22.83217,-8.441534660138874,3.8003785194099207
JPN,1965-01-01,1.216667,24.35188,3.5461276595744593,6.656003349659712
JPN,1966-01-01,1.308333,25.57942,7.534189716660354,5.040842842523853
JPN,1967-01-01,1.258333,26.6,-3.821657024625997,3.989848088815159
JPN,1968-01-01,1.183333,28.02029,-5.9602664795407865,5.339436090225555
JPN,1969-01-01,1.125,29.4913,-4.929550684380472,5.249802910676513
JPN,1970-01-01,1.15,31.53333,2.2222222222222143,6.92417763882908
JPN,1971-01-01,1.225,33.55,6.521739130434798,6.395360084076112
JPN,1972-01-01,1.416667,35.175,15.646285714285698,4.843517138599106
JPN,1973-01-01,1.266667,39.25834,-10.588232802768747,11.60864250177683
JPN,1974-01-01,1.375,48.375,8.552603012472893,23.222224882661884
JPN,1975-01-01,1.891667,54.05,37.57578181818182,11.731266149870796
JPN,1976-01-01,2.008333,59.11666,6.1673645520062434,9.374024051803897
JPN,1977-01-01,2.025,63.94167,0.829892253924025,8.161844732094131
JPN,1978-01-01,2.241667,66.63333,10.699604938271614,4.209555365069443
JPN,1979-01-01,2.083333,69.1,-7.063225715505468,3.7018561131493706
JPN,1980-01-01,2.008333,74.475,-3.6000005760001006,7.778581765557164
JPN,1981-01-01,2.208333,78.13333,9.958507876930778,4.912158442430355
JPN,1982-01-01,2.35,80.275,6.415110402280814,2.741045338781804
JPN,1983-01-01,2.658333,81.8,13.12055319148935,1.8997197134848849
JPN,1984-01-01,2.708333,83.65,1.880877978793487,2.261613691931551
JPN,1985-01-01,2.616667,85.35,-3.384591185795839,2.0322773460848635
JPN,1986-01-01,2.758333,85.85833,5.413986571466673,0.5955828939660233
JPN,1987-01-01,2.85,85.96667,3.3232753260755743,0.12618461132425746
JPN,1988-01-01,2.533333,86.55,-11.111122807017553,0.6785536766749296
JPN,1989-01-01,2.266667,88.51667,-10.526290858722476,2.2722934719815227
JPN,1990-01-01,2.108333,91.24167,-6.985322502158454,3.078516171021791
JPN,1991-01-01,2.1,94.20834,-0.3952411692080864,3.2514420220498024
JPN,1992-01-01,2.15,95.86667,2.3809523809523725,1.7602793977688092
JPN,1993-01-01,2.5,97.05833,16.279069767441865,1.2430388997552526
JPN,1994-01-01,2.891667,97.73333,15.66668,0.6954580817535159
JPN,1995-01-01,3.15,97.60833,8.933705022051292,-0.12789904938264152
JPN,1996-01-01,3.35,97.74167,6.349206349206355,0.13660719325902207
JPN,1997-01-01,3.4,99.45,1.4925373134328306,1.7478011169647538
JPN,1998-01-01,4.108333,100.1083,20.833323529411768,0.6619406737053766
JPN,1999-01-01,4.683333,99.76667,13.995944340441735,-0.34126041497058185
JPN,2000-01-01,4.716667,99.09167,0.7117580577763737,-0.6765786609896987
JPN,2001-01-01,5.033333,98.35833,6.713766309981172,-0.7400622070452525
JPN,2002-01-01,5.375,97.45,6.788086542257391,-0.9234906692702004
JPN,2003-01-01,5.258333,97.2,-2.1705488372092954,-0.2565418163160595
JPN,2004-01-01,4.716667,97.19167,-10.301097324950705,-0.008569958847737487
JPN,2005-01-01,4.425,96.91666,-6.1837522131623945,-0.28295634800802255
JPN,2006-01-01,4.141667,97.15833,-6.40300564971751,0.2493585726128133
JPN,2007-01-01,3.841667,97.21667,-7.243460181612859,0.06004631821068451
JPN,2008-01-01,3.991667,98.55833,3.9045549757436007,1.3800719567950688
JPN,2009-01-01,5.066667,97.225,26.931104222872293,-1.3528333931794538
JPN,2010-01-01,5.05,96.525,-0.32895392572671517,-0.7199794291591552
JPN,2011-01-01,4.583333,96.26667,-9.240930693069311,-0.2676301476301485
JPN,2012-01-01,4.35,96.21667,-5.090902188429251,-0.051939056373313176
JPN,2013-01-01,4.025,96.55,-7.471264367816076,0.34643684924868395
JPN,2014-01-01,3.591667,99.21667,-10.76603726708075,2.7619575349559775
JPN,2015-01-01,3.375,100.0,-6.0324913194903695,0.7895145039639071
JPN,2016-01-01,3.116667,99.88333,-7.6543111111111095,-0.11666999999999916
JPN,2017-01-01,2.808333,100.35,-9.893068460634385,0.4672150998569966
JPN,2018-01-01,2.441667,101.3333,-13.056357632802106,0.9798704534130542
JPN,2019-01-01,2.35,101.8167,-3.7542793509516135,0.4770396306051448
JPN,2020-01-01,2.775,101.8,18.085106382978715,-0.016402024422319875
KOR,1990-01-01,2.458333,40.56417,-4.838710301769071,8.573624139409619
KOR,1991-01-01,2.45,44.35017,-0.3389695374873918,9.333359957814992
KOR,1992-01-01,2.525,47.1055,3.061224489795907,6.212670661690814
KOR,1993-01-01,2.9,49.36708,14.851485148514852,4.8010954134867525
KOR,1994-01-01,2.475,52.46033,-14.6551724137931,6.265815195065208
KOR,1995-01-01,2.066667,54.81092,-16.498303030303042,4.480699987971871
KOR,1996-01-01,2.058333,57.51025,-0.40325799947449786,4.924803305618655
KOR,1997-01-01,2.616667,60.06317,27.125542854338917,4.439069557165897
KOR,1998-01-01,6.95,64.57592,165.60506170636154,7.513339705513373
KOR,1999-01-01,6.583333,65.10091,-5.2757841726618775,0.8129810616712895
KOR,2000-01-01,4.425,66.57166,-32.78480672328135,2.25918500985623
KOR,2001-01-01,4.0,69.27875,-9.604519774011296,4.066430069492045
KOR,2002-01-01,3.258333,71.19258,-18.541675,2.7625065406058917
KOR,2003-01-01,3.55,73.69492,8.95141779554146,3.514888770711764
KOR,2004-01-01,3.658333,76.341,3.051633802816902,3.5905867052980014
KOR,2005-01-01,3.75,78.4435,2.505704100747531,2.7540902005475516
KOR,2006-01-01,3.475,80.20208,-7.333333333333331,2.2418428550485316
KOR,2007-01-01,3.258333,82.23508,-6.235021582733817,2.5348469765372688
KOR,2008-01-01,3.175,86.07858,-2.557534788494611,4.673796146364794
KOR,2009-01-01,3.633333,88.4515,14.435685039370082,2.756690456557245
KOR,2010-01-01,3.708333,91.05125,2.064220372864259,2.9391813592759877
KOR,2011-01-01,3.408333,94.71684,-8.089888367630422,4.025853571477612
KOR,2012-01-01,3.225,96.7885,-5.378963851243401,2.1872140160081295
KOR,2013-01-01,3.1,98.04808,-3.875968992248062,1.301373613600789
KOR,2014-01-01,3.491667,99.29792,12.634419354838709,1.2747215447768137
KOR,2015-01-01,3.591667,99.99917,2.863961540433268,0.7062081461525092
KOR,2016-01-01,3.675,100.9708,2.3201761187771486,0.9716380645959265
KOR,2017-01-01,3.683333,102.9342,0.22674829931973792,1.9445225748434272
KOR,2018-01-01,3.833333,104.4533,4.072398558588103,1.4757971597389348
KOR,2019-01-01,3.783333,104.8533,-1.3043479395085233,0.38294625445055896
KOR,2020-01-01,3.941667,105.4167,4.185040016303085,0.5373221443674175
LTU,2000-01-01,16.44167,69.13315,12.293679614415561,0.9816081037517251
LTU,2001-01-01,17.41667,70.07829,5.930054550419766,1.3671299514053605
LTU,2002-01-01,13.775,70.27556,-20.909106046104103,0.28149944868803617
LTU,2003-01-01,12.43333,69.47842,-9.739891107078044,-1.1343061513846333
LTU,2004-01-01,10.89167,70.28722,-12.39941351190711,1.1641024651971146
LTU,2005-01-01,8.316667,72.15579,-23.641948388080053,2.658477600906667
LTU,2006-01-01,5.791667,74.85378,-30.36072022602324,3.739117817156467
LTU,2007-01-01,4.258333,79.14828,-26.474830130945023,5.737185216297693
LTU,2008-01-01,5.825,87.79592,36.79061736130077,10.92587229943594
LTU,2009-01-01,13.8,91.70551,136.90987124463518,4.453042920445516
LTU,2010-01-01,17.84167,92.91531,29.287463768115938,1.3192228035152973
LTU,2011-01-01,15.39167,96.75297,-13.731898415338929,4.1302773461122815
LTU,2012-01-01,13.40833,99.74261,-12.88580121585247,3.0899723284980234
LTU,2013-01-01,11.8,100.7874,-11.995006089498085,1.0474861245359492
LTU,2014-01-01,10.725,100.892,-9.110169491525433,0.10378281412159723
LTU,2015-01-01,9.133333,99.99999,-14.840717948717943,-0.8841236173333853
LTU,2016-01-01,7.9,100.9055,-13.503646478235273,0.9055100905510158
LTU,2017-01-01,7.116667,104.6621,-9.915607594936716,3.7228892379503513
LTU,2018-01-01,6.183333,107.4858,-13.11476285176754,2.697920259578207
LTU,2019-01-01,6.283333,109.9951,1.617250761037771,2.3345409347095116
LTU,2020-01-01,8.516666,111.3149,35.54376315882034,1.1998716306453658
LUX,1984-01-01,3.041667,52.42618,-10.757927702486816,6.435848695380663
LUX,1985-01-01,2.875,54.57229,-5.479462413209596,4.093584541158635
LUX,1986-01-01,2.533333,54.73304,-11.884069565217398,0.2945634130435065
LUX,1987-01-01,2.45,54.70203,-3.2894609591395865,-0.05665682008527569
LUX,1988-01-01,2.0,55.48787,-18.367346938775515,1.4365828836699484
LUX,1989-01-01,1.783333,57.35835,-10.833349999999998,3.3709709887944888
LUX,1990-01-01,1.658333,59.22465,-7.00934710455086,3.2537546843659126
LUX,1991-01-01,1.658333,61.07149,0.0,3.1183637218624347
LUX,1992-01-01,2.066667,62.99779,24.623160728273497,3.154172265978781
LUX,1993-01-01,2.583333,65.25822,24.99996370968329,3.5881099956045954
LUX,1994-01-01,3.175,66.69048,22.903241664934395,2.1947579937056196
LUX,1995-01-01,2.866667,67.93605,-9.711275590551173,1.8676878618957322
LUX,1996-01-01,2.925,68.74032,2.0348718564102404,1.1838633538452745
LUX,1997-01-01,2.7,69.68035,-7.692307692307681,1.3675089088907462
LUX,1998-01-01,2.691667,70.34828,-0.30862962962964324,0.9585629234066682
LUX,1999-01-01,2.408333,71.06949,-10.526339253704117,1.0251991946356034
LUX,2000-01-01,2.233333,73.30872,-7.266436991894387,3.1507613182534335
LUX,2001-01-01,1.9,75.26154,-14.925360436620965,2.6638304419992638
LUX,2002-01-01,2.558333,76.82253,34.64910526315791,2.074087242966333
LUX,2003-01-01,3.808333,78.39727,48.85994121953631,2.0498413681507306
LUX,2004-01-01,4.95,80.14214,29.978129538567135,2.2256769910482745
LUX,2005-01-01,4.65,82.13583,-6.060606060606057,2.487692492364193
LUX,2006-01-01,4.575,84.32584,-1.6129032258064553,2.6663272289328552
LUX,2007-01-01,4.166667,86.27583,-8.925311475409831,2.3124465762807693
LUX,2008-01-01,4.916667,89.21083,17.999998560000115,3.401879761689922
LUX,2009-01-01,5.116667,89.53917,4.067796334386674,0.36804948457490777
LUX,2010-01-01,4.583333,91.575,-10.423465118992501,2.2736753088061956
LUX,2011-01-01,4.833333,94.69833,5.454545851239699,3.410679770679766
LUX,2012-01-01,5.066667,97.22,4.8276003329379575,2.6628452687602837
LUX,2013-01-01,5.875,98.90583,15.953939739872391,1.7340362065418595
LUX,2014-01-01,6.05,99.5275,2.9787234042553163,0.6285473768331036
LUX,2015-01-01,6.458333,100.0,6.749305785123964,0.4747431614377901
LUX,2016-01-01,6.333333,100.2908,-1.9354839708636888,0.2908000000000044
LUX,2017-01-01,5.616667,102.0267,-11.315779542935767,1.7308666398114292
LUX,2018-01-01,5.5,103.5858,-2.077157146756246,1.5281294014213933
LUX,2019-01-01,5.591667,105.3917,1.6666727272727302,1.7433856764151012
LUX,2020-01-01,6.791667,106.2558,21.46050542709357,0.8198937867023621
LVA,2000-01-01,14.34167,55.02153,1.954975840053121,2.654253223201674
LVA,2001-01-01,13.48333,56.38994,-5.984937597922697,2.4870446168981566
LVA,2002-01-01,12.49167,57.48327,-7.3547113361462,1.938874203448336
LVA,2003-01-01,11.64167,59.1748,-6.804534541818666,2.942647486825298
LVA,2004-01-01,11.75,62.83913,0.930536598271558,6.192382568255407
LVA,2005-01-01,10.05,67.0798,-14.468085106382974,6.7484543468377245
LVA,2006-01-01,7.041667,71.46426,-29.933661691542287,6.536185259944111
LVA,2007-01-01,6.058333,78.67714,-13.964505847834044,10.092989138906635
LVA,2008-01-01,7.741667,90.79524,27.785432065223215,15.40231381059354
LVA,2009-01-01,17.56667,94.00404,126.91068990696706,3.5341059729562874
LVA,2010-01-01,19.475,92.98444,10.863356572418127,-1.0846342348690512
LVA,2011-01-01,16.21667,97.04855,-16.730834403080877,4.37074202952666
LVA,2012-01-01,15.04167,99.2397,-7.245630576437707,2.2577874682311
LVA,2013-01-01,11.875,99.21047,-21.05264907420519,-0.029453938292838766
LVA,2014-01-01,10.85,99.82607,-8.631578947368423,0.6204990259596599
LVA,2015-01-01,9.883333,100.0,-8.909373271889395,0.17423304353261487
LVA,2016-01-01,9.633333,100.1406,-2.529511046526511,0.14060000000000628
LVA,2017-01-01,8.708333,103.0751,-9.602076456819262,2.930379885880452
LVA,2018-01-01,7.4,105.6875,-15.023920192303157,2.5344627363931673
LVA,2019-01-01,6.308333,108.6588,-14.75225675675676,2.811401537551744
LVA,2020-01-01,8.091666,108.8969,28.269481018202427,0.21912629257823837
MEX,1988-01-01,3.541667,6.476399,-8.79826684963664,114.16224270534137
MEX,1989-01-01,2.925,7.772189,-17.411772478892004,20.007877834580608
MEX,1990-01-01,2.741667,9.843607,-6.267794871794863,26.65166788918798
MEX,1991-01-01,2.691667,12.0744,-1.8237079849595252,22.662353342631416
MEX,1992-01-01,2.783333,13.94689,3.405547565876464,15.507934141655063
MEX,1993-01-01,3.425,15.30691,23.053906952563704,9.751421284601802
MEX,1994-01-01,3.641667,16.37316,6.326043795620443,6.965808252612698
MEX,1995-01-01,6.266667,22.10365,72.08237326477132,34.99929152344447
MEX,1996-01-01,5.525,29.70253,-11.83511107260047,34.378394518552376
MEX,1997-01-01,3.735,35.82886,-32.398190045248874,20.625616740392147
MEX,1998-01-01,3.16,41.53582,-15.394912985274424,15.928388455563484
MEX,1999-01-01,2.505,48.4248,-20.72784810126583,16.585636205087553
MEX,2000-01-01,2.505833,53.02106,0.0332534930139754,9.491541524177697
MEX,2001-01-01,2.756667,56.3973,10.010004657133983,6.367733877821384
MEX,2002-01-01,2.978333,59.2345,8.041087298538413,5.0307372870687
MEX,2003-01-01,3.405833,61.92784,14.353666967394169,4.5469110062548115
MEX,2004-01-01,3.915833,64.83127,14.974310249504313,4.688408315226238
MEX,2005-01-01,3.595785,67.41678,-8.173177967497601,3.9880600827347656
MEX,2006-01-01,3.596744,69.86364,0.0266701151487193,3.629452489424741
MEX,2007-01-01,3.721604,72.63503,3.4714730878817055,3.9668560069300662
MEX,2008-01-01,3.974655,76.35756,6.79951440292948,5.1249789529928
MEX,2009-01-01,5.479068,80.4025,37.85015303214996,5.297366757135766
MEX,2010-01-01,5.380876,83.74461,-1.7921296103643916,4.1567239824632205
MEX,2011-01-01,5.233573,86.5981,-2.737528238896417,3.407371531134969
MEX,2012-01-01,4.952769,90.15859,-5.3654358122070684,4.11151052967675
MEX,2013-01-01,4.929466,93.59038,-0.47050447941344115,3.8063927131069732
MEX,2014-01-01,4.828958,97.35142,-2.038922674382978,4.0186181528486244
MEX,2015-01-01,4.352943,100.0,-9.857509632512858,2.7206382813933225
MEX,2016-01-01,3.881356,102.8217,-10.833750866942204,2.821700000000007
MEX,2017-01-01,3.419046,109.0336,-11.911043460069111,6.041428997964438
MEX,2018-01-01,3.328549,114.3756,-2.646849442797775,4.899407155225544
MEX,2019-01-01,3.49458,118.5342,4.988089404722593,3.6359153525751933
MEX,2020-01-01,4.437142,122.5606,26.97211109775709,3.396825557518417
NLD,1984-01-01,9.291667,55.65305,-2.278695960690481,3.3016478540514003
NLD,1985-01-01,8.45,56.91002,-9.05829922660811,2.2585824137221637
NLD,1986-01-01,7.608333,56.95745,-9.960556213017744,0.08334208984639001
NLD,1987-01-01,7.466667,56.56376,-1.861984747513021,-0.6912001854015575
NLD,1988-01-01,7.375,56.98117,-1.227682980907012,0.7379459922749066
NLD,1989-01-01,6.675,57.5978,-9.491525423728815,1.082164511539515
NLD,1990-01-01,6.083333,59.0113,-8.863925093632963,2.4540867880370416
NLD,1991-01-01,5.675,60.87499,-6.7123236554697865,3.158191736159004
NLD,1992-01-01,5.758333,62.813,1.4684229074889965,3.1835898453535774
NLD,1993-01-01,6.466667,64.4362,12.301025314096975,2.5841784344005174
NLD,1994-01-01,7.191667,66.24139,11.211339628281458,2.801515297301821
NLD,1995-01-01,8.358334,67.51537,16.22248360498337,1.9232386276918538
NLD,1996-01-01,7.675,68.9425,-8.175480903251765,2.1137853499136434
NLD,1997-01-01,6.5,70.39667,-15.30944625407166,2.1092504623418136
NLD,1998-01-01,5.133333,71.77583,-21.025646153846147,1.9591267598311097
NLD,1999-01-01,4.233333,73.32417,-17.53246867093953,2.157188568909612
NLD,2000-01-01,3.666667,75.055,-13.385812077623001,2.360517684687071
NLD,2001-01-01,3.075,78.17416,-16.136371260329877,4.155832389580965
NLD,2002-01-01,3.666667,80.74416,19.24120325203251,3.2875313274872324
NLD,2003-01-01,4.841667,82.43333,32.045451632231675,2.0920026909686156
NLD,2004-01-01,5.675,83.475,17.211695889039863,1.2636514866013497
NLD,2005-01-01,5.883333,84.88416,3.671066079295164,1.6881221922731358
NLD,2006-01-01,5.008333,85.81917,-14.872522089094735,1.1015129324481805
NLD,2007-01-01,4.175,87.20417,-16.638929559995322,1.6138585353365746
NLD,2008-01-01,3.666667,89.3725,-12.175640718562873,2.4864980654021447
NLD,2009-01-01,4.35,90.43584,18.636352851240645,1.1897843296315942
NLD,2010-01-01,5.008333,91.58916,15.134091954023004,1.2752908581376674
NLD,2011-01-01,4.991667,93.73333,-0.3327654131624382,2.3410739873583166
NLD,2012-01-01,5.825,96.035,16.69448302541016,2.455551296427857
NLD,2013-01-01,7.241667,98.4425,24.320463519313293,2.5068985265788504
NLD,2014-01-01,7.425,99.40334,2.531640850097087,0.9760418518424508
NLD,2015-01-01,6.891667,100.0,-7.182936026936025,0.6002414003392642
NLD,2016-01-01,6.025,100.3167,-12.575578593684222,0.3166999999999973
NLD,2017-01-01,4.858333,101.7025,-19.363767634854778,1.3814250269396853
NLD,2018-01-01,3.841667,103.435,-20.926231281388077,1.7034979474447547
NLD,2019-01-01,3.4,106.1592,-11.496753883145006,2.633731328853866
NLD,2020-01-01,3.833333,107.51,12.745088235294125,1.2724285789644296
NOR,1990-01-01,5.216667,59.86666,6.825952684365367,4.131033962143379
NOR,1991-01-01,5.45,61.925,4.472836774898608,3.4382075098226523
NOR,1992-01-01,5.925,63.36666,8.715596330275222,2.328074283407357
NOR,1993-01-01,5.95,64.81667,0.4219409282700482,2.288285353843802
NOR,1994-01-01,5.408333,65.70834,-9.103647058823535,1.375680052677814
NOR,1995-01-01,4.933333,67.325,-8.782743222357048,2.460357391466587
NOR,1996-01-01,4.75,68.175,-3.716209710554714,1.2625324916449971
NOR,1997-01-01,3.916667,69.925,-17.54385263157895,2.566923359002567
NOR,1998-01-01,3.091667,71.5,-21.063827994567824,2.2524132999642514
NOR,1999-01-01,3.033333,73.19167,-1.8868138127424567,2.3659720279720307
NOR,2000-01-01,3.241667,75.45,6.868154600896119,3.0855013965387057
NOR,2001-01-01,3.408333,77.71667,5.141367080579212,3.004201457919139
NOR,2002-01-01,3.666667,78.71667,7.579482403861362,1.2867252289631042
NOR,2003-01-01,4.208333,80.675,14.772707747935653,2.4878211946719846
NOR,2004-01-01,4.275,81.04166,1.5841664621122118,0.45449023861170873
NOR,2005-01-01,4.525,82.28333,5.847953216374268,1.5321379152401535
NOR,2006-01-01,3.425,84.2,-24.30939226519338,2.329353952981723
NOR,2007-01-01,2.558333,84.8,-25.30414598540145,0.7125890736341975
NOR,2008-01-01,2.733333,87.98333,6.840391770735077,3.7539268867924505
NOR,2009-01-01,3.283333,89.91666,20.121953673408978,2.19738216318932
NOR,2010-01-01,3.733333,92.09167,13.705585147775148,2.4189176955638705
NOR,2011-01-01,3.408333,93.275,-8.705357920121246,1.2849479219999076
NOR,2012-01-01,3.3,93.925,-3.1784746384816276,0.6968641114982487
NOR,2013-01-01,3.758333,95.91666,13.888878787878792,2.120479105669413
NOR,2014-01-01,3.633333,97.875,-3.325942645316421,2.0417099594585624
NOR,2015-01-01,4.5,100.0,23.853222371855267,2.1711366538952745
NOR,2016-01-01,4.758333,103.55,5.740733333333342,3.549999999999997
NOR,2017-01-01,4.191667,105.4917,-11.908918522516196,1.875132786093672
NOR,2018-01-01,3.875,108.4083,-7.554679319707406,2.7647672755297363
NOR,2019-01-01,3.7,110.7583,-4.51612903225806,2.167730699586663
NZL,1960-01-01,0.1156069,4.624803,-1.3873191320213627,0.6979262311090717
NZL,1961-01-01,0.0,4.707943,-100.0,1.7976981938473966
NZL,1962-01-01,0.1109878,4.834156,inf,2.680852338271723
NZL,1963-01-01,0.1086956,4.929317,-2.065272038908776,1.9685132213358454
NZL,1964-01-01,0.1055966,5.100606,-2.851081368519061,3.474903318248751
NZL,1965-01-01,0.1020408,5.273898,-3.3673432667339647,3.397478652536581
NZL,1966-01-01,0.09852216,5.419219,-3.4482677517228435,2.7554761203193547
NZL,1967-01-01,0.09596929,5.747457,-2.5911632469284056,6.0569244387429215
NZL,1968-01-01,0.7759457,5.995283,708.5354179446363,4.311924386733122
NZL,1969-01-01,0.2859867,6.290565,-63.143464806880175,4.925238725177782
NZL,1970-01-01,0.09267841,6.700533,-67.59345452078715,6.5171888375686455
NZL,1971-01-01,0.1829826,7.396555,97.43821673246227,10.387561705912054
NZL,1972-01-01,0.4508566,7.909345,146.39315432177705,6.9328221043445195
NZL,1973-01-01,0.1746725,8.555275,-61.25763712896739,8.166668668518062
NZL,1974-01-01,0.0838223,9.505714,-52.011736249266484,11.109391574204212
NZL,1975-01-01,0.2465078,10.90162,194.083793930732,14.684914778626835
NZL,1976-01-01,0.322841,12.74475,30.96583556382394,16.906936767196072
NZL,1977-01-01,0.317965,14.5779,-1.51034100377585,14.383569705172718
NZL,1978-01-01,1.657459,16.32092,421.2708945953171,11.956591827355115
NZL,1979-01-01,1.942502,18.55682,17.19758980463468,13.699595365947491
NZL,1980-01-01,2.242846,21.73942,15.461708662333432,17.15056782358185
NZL,1981-01-01,3.601532,25.0808,60.57865765192974,15.370143269691653
NZL,1982-01-01,3.536494,29.13478,-1.8058426247497001,16.163678989505915
NZL,1983-01-01,5.663189,31.27359,60.13568805715492,7.341088554641564
NZL,1984-01-01,5.743741,33.20356,1.4223788045922527,6.171245450234541
NZL,1985-01-01,4.181687,38.32277,-27.1957596973819,15.41765401059403
NZL,1986-01-01,4.175,43.38651,-0.15991153809456163,13.2133976745418
NZL,1987-01-01,4.225,50.21741,1.1976047904191576,15.744294712803585
NZL,1988-01-01,5.8,53.4189,37.27810650887575,6.375259098388388
NZL,1989-01-01,7.275,56.47232,25.43103448275863,5.71599190548664
NZL,1990-01-01,7.975,59.91625,9.621993127147755,6.098439022869956
NZL,1991-01-01,10.6,61.47551,32.9153605015674,2.6023991821918124
NZL,1992-01-01,10.65,62.09922,0.4716981132075539,1.0145666135994686
NZL,1993-01-01,9.8,62.89919,-7.981220657276992,1.288212637775474
NZL,1994-01-01,8.35,63.99701,-14.79591836734695,1.7453642884749483
NZL,1995-01-01,6.45,66.40006,-22.754491017964067,3.754941051152223
NZL,1996-01-01,6.3,67.91778,-2.3255813953488427,2.2857208261558757
NZL,1997-01-01,6.825,68.72406,8.33333333333334,1.1871412758190876
NZL,1998-01-01,7.725,69.59359,13.186813186813177,1.2652482987763118
NZL,1999-01-01,7.025,69.51407,-9.06148867313915,-0.11426339695940711
NZL,2000-01-01,6.15,71.33202,-12.455516014234874,2.6152259535371702
NZL,2001-01-01,5.45,73.20507,-11.382113821138214,2.625819372562289
NZL,2002-01-01,5.3,75.16484,-2.752293577981658,2.6770959989519736
NZL,2003-01-01,4.775,76.48291,-9.90566037735848,1.7535725480158089
NZL,2004-01-01,4.025,78.23456,-15.706806282722512,2.290250200992611
NZL,2005-01-01,3.825,80.61056,-4.968944099378886,3.0370209789637785
NZL,2006-01-01,3.85,83.32343,0.6535947712418277,3.365402746240685
NZL,2007-01-01,3.575,85.30331,-7.142857142857141,2.376138380285106
NZL,2008-01-01,4.025,88.68043,12.58741258741259,3.9589554027856657
NZL,2009-01-01,5.875,90.55659,45.96273291925465,2.1156415231635646
NZL,2010-01-01,6.225,92.64124,5.957446808510633,2.302041187725815
NZL,2011-01-01,6.025,96.37273,-3.212851405622479,4.027892977252904
NZL,2012-01-01,6.475,97.3942,7.46887966804978,1.0599160156612701
NZL,2013-01-01,5.85,98.49906,-9.652509652509654,1.1344207355263478
NZL,2014-01-01,5.425,99.70815,-7.264957264957263,1.2275142524202802
NZL,2015-01-01,5.4,100.0,-0.4608294930875478,0.292704257375146
NZL,2016-01-01,5.125,100.6462,-5.092592592592599,0.6461999999999932
NZL,2017-01-01,4.725,102.509,-7.804878048780495,1.8508398727423463
NZL,2018-01-01,4.325,104.1474,-8.465608465608454,1.5982986859690411
NZL,2019-01-01,4.1,105.8342,-5.2023121387283355,1.6196275663146569
NZL,2020-01-01,4.6,107.6488,12.195121951219512,1.7145686366032895
OECD,2002-01-01,7.206147,75.92918,7.968985395417478,2.772477577071741
OECD,2003-01-01,7.308229,77.80746,1.4165961366039332,2.4737261748381894
OECD,2004-01-01,7.175436,79.67404,-1.817033921624507,2.398973054768783
OECD,2005-01-01,6.827619,81.76937,-4.847329137908832,2.6298779376569708
OECD,2006-01-01,6.310793,83.94431,-7.569637380176017,2.659846835067956
OECD,2007-01-01,5.816273,86.07742,-7.83609920338063,2.5411013563635247
OECD,2008-01-01,6.147089,89.28318,5.687766031615099,3.7242751931923586
OECD,2009-01-01,8.302338,89.76807,35.061294866562044,0.5430922151294263
OECD,2010-01-01,8.517415,91.38297,2.5905594303676756,1.7989692771605827
OECD,2011-01-01,8.104206,93.98207,-4.851342807647628,2.844184206313269
OECD,2012-01-01,8.087963,96.08615,-0.20042679073063224,2.238810019826133
OECD,2013-01-01,7.998692,97.62302,-1.1037513401087529,1.599470891486435
OECD,2014-01-01,7.443303,99.31937,-6.943497761884067,1.7376536804536569
OECD,2015-01-01,6.872842,100.0,-7.664084076652528,0.6852943187215078
OECD,2016-01-01,6.454927,101.2011,-6.08067230412107,1.2010999999999967
OECD,2017-01-01,5.925142,103.5082,-8.207451455299179,2.2797183034571815
OECD,2018-01-01,5.486316,106.2064,-7.40616849351458,2.606749996618625
OECD,2019-01-01,5.393427,108.4029,-1.69310335022628,2.068142786122117
OECD,2020-01-01,7.119402,109.8863,32.001452879588435,1.3684135756515767
POL,1998-01-01,10.16667,59.72351,-6.44171581542459,11.597852035774984
POL,1999-01-01,13.39167,63.99618,31.72130107498325,7.154083877521608
POL,2000-01-01,16.075,70.33191,20.037306773539072,9.90016904133964
POL,2001-01-01,18.30833,74.1357,13.893188180404369,5.4083416759192335
POL,2002-01-01,20.03333,75.54819,9.421940723157151,1.9052764052946223
POL,2003-01-01,19.75,76.06396,-1.4142930805812086,0.6827033182396417
POL,2004-01-01,19.14167,78.63694,-3.0801518987341705,3.3826532302551713
POL,2005-01-01,17.925,80.35421,-6.356132981082635,2.183795554608304
POL,2006-01-01,13.96667,81.38651,-22.082733612273362,1.2846868882165683
POL,2007-01-01,9.608334,83.3876,-31.205262242180858,2.458748999066313
POL,2008-01-01,7.041667,86.86067,-26.712924425816162,4.164971770383118
POL,2009-01-01,8.116667,90.15737,15.266271466685364,3.795388637918636
POL,2010-01-01,9.675,92.48406,19.1991737495206,2.580698616208524
POL,2011-01-01,9.65,96.40483,-0.2583979328165411,4.239400822152493
POL,2012-01-01,10.10833,99.8372,4.749533678756478,3.560371404627747
POL,2013-01-01,10.34167,100.8276,2.3083931767166295,0.9920150004206931
POL,2014-01-01,9.016666,100.8818,-12.812282735767045,0.053755122605312906
POL,2015-01-01,7.525,100.0,-16.543431907092934,-0.874092254499819
POL,2016-01-01,6.191667,99.33524,-17.71871096345516,-0.6647600000000011
POL,2017-01-01,4.883333,101.3974,-21.130561446537737,2.0759601527111684
POL,2018-01-01,3.858333,103.2357,-20.98976252489847,1.8129656184478
POL,2019-01-01,3.283333,105.5352,-14.902809062877676,2.2274271400300565
POL,2020-01-01,3.175,109.0965,-3.2994825684753883,3.3745139062606624
PRT,1984-01-01,8.866667,21.60348,8.46075840978592,28.38466406967313
PRT,1985-01-01,9.15,25.80782,3.195484842275014,19.461401589003245
PRT,1986-01-01,8.8,28.99027,-3.8251366120218537,12.331339880702824
PRT,1987-01-01,7.233333,31.78344,-17.803034090909097,9.634853349071948
PRT,1988-01-01,5.841667,34.99408,-19.23962300643424,10.101612663701594
PRT,1989-01-01,5.183333,39.43354,-11.269625605156884,12.686317228514092
PRT,1990-01-01,4.8,44.80856,-7.395492437009167,13.630579450893832
PRT,1991-01-01,4.183333,50.11814,-12.84722916666666,11.849476974935138
PRT,1992-01-01,4.125,54.90906,-1.394414453738208,9.559253396075752
PRT,1993-01-01,5.5,58.63397,33.333333333333336,6.783780308750507
PRT,1994-01-01,6.825,61.81219,24.090909090909097,5.420441426701967
PRT,1995-01-01,7.183333,64.4224,5.250300366300366,4.222807831270814
PRT,1996-01-01,7.241667,66.39951,0.8120742836229288,3.0689791128551724
PRT,1997-01-01,6.741667,67.95118,-6.904487599333137,2.3368696546103833
PRT,1998-01-01,6.083333,69.69939,-9.765151556729219,2.572744137776563
PRT,1999-01-01,5.55,71.33043,-8.767118288609218,2.340106563342969
PRT,2000-01-01,5.075,73.36551,-8.558558558558552,2.853032008919606
PRT,2001-01-01,5.133333,76.57151,1.1494187192118264,4.369900788531291
PRT,2002-01-01,6.141667,79.32835,19.64287140538125,3.60034691754152
PRT,2003-01-01,7.4,81.88192,20.488460217722654,3.218987915417368
PRT,2004-01-01,7.766667,83.81873,4.954959459459454,2.365369546781522
PRT,2005-01-01,8.766666,85.72741,12.87552305255267,2.27715213532823
PRT,2006-01-01,8.866667,88.39153,1.1406959042354172,3.1076641648219594
PRT,2007-01-01,9.133333,90.56063,3.0075111651311675,2.4539681573562535
PRT,2008-01-01,8.783334,92.9048,-3.832105979273945,2.588508935947101
PRT,2009-01-01,10.68333,92.12856,21.631831375193062,-0.8355219536557869
PRT,2010-01-01,11.98333,93.42072,12.1684905361905,1.402561811451313
PRT,2011-01-01,13.46667,96.83339,12.37836227492692,3.653011880019755
PRT,2012-01-01,16.575,99.51891,23.0816527025612,2.7733408899554286
PRT,2013-01-01,17.175,99.79201,3.6199095022624523,0.27442020817953033
PRT,2014-01-01,14.65,99.51443,-14.701601164483261,-0.2781585419514051
PRT,2015-01-01,13.025,100.0,-11.092150170648464,0.4879392867948855
PRT,2016-01-01,11.46667,100.6074,-11.964145873320534,0.6073999999999984
PRT,2017-01-01,9.225,101.9843,-19.549441991441288,1.3685872013390727
PRT,2018-01-01,7.166667,102.9978,-22.312552845528447,0.9937804152207677
PRT,2019-01-01,6.675,103.3461,-6.860469448350265,0.3381625626955226
PRT,2020-01-01,7.116667,103.3332,6.6167340823970004,-0.012482328796153807
SVK,1999-01-01,16.49167,53.68328,29.77055207096447,10.570449340078106
SVK,2000-01-01,18.90833,60.14448,14.653822202360345,12.035777247589934
SVK,2001-01-01,19.45833,64.55285,2.9087708962134715,7.329633575683097
SVK,2002-01-01,18.80833,66.5715,-3.3404716643206203,3.1271276171385054
SVK,2003-01-01,17.69167,72.26612,-5.937050232529964,8.55414103632936
SVK,2004-01-01,18.35833,77.72113,3.7682140804118567,7.548502673175205
SVK,2005-01-01,16.375,79.82666,-10.803433645652948,2.709083102626019
SVK,2006-01-01,13.46667,83.40556,-17.76079389312977,4.483339275374906
SVK,2007-01-01,11.23333,85.70482,-16.584203815791135,2.7567226933072617
SVK,2008-01-01,9.575,89.64568,-14.76258598296321,4.5981777921008415
SVK,2009-01-01,12.11667,91.09355,26.54485639686684,1.6151029252050904
SVK,2010-01-01,14.5,91.96533,19.669843282023866,0.9570161663476735
SVK,2011-01-01,13.68333,95.56972,-5.632206896551726,3.919292194134474
SVK,2012-01-01,13.95833,99.01606,2.0097447039572995,3.6061003422422835
SVK,2013-01-01,14.225,100.4028,1.9104720980231842,1.4005202792355131
SVK,2014-01-01,13.20833,100.3263,-7.147065026362035,-0.07619309421649177
SVK,2015-01-01,11.5,100.0,-12.933731970657913,-0.32523874597189706
SVK,2016-01-01,9.666667,99.47999,-15.942026086956517,-0.5200099999999992
SVK,2017-01-01,8.125,100.7851,-15.948278760404184,1.311932178521529
SVK,2018-01-01,6.541667,103.3189,-19.48717538461538,2.514062098464951
SVK,2019-01-01,5.766667,106.0719,-11.847133154286212,2.6645657280516923
SVK,2020-01-01,6.7,108.1264,16.184964382372005,1.9368937484857012
SVN,1997-01-01,6.916667,50.34565,0.36275693529592123,8.359675870035495
SVN,1998-01-01,7.366667,54.31851,6.506023782842217,7.891168353174513
SVN,1999-01-01,7.408333,57.66213,0.565601784361913,6.155581218998816
SVN,2000-01-01,6.741667,62.80083,-8.998866546630667,8.911741553771947
SVN,2001-01-01,6.191667,68.06333,-8.158219621348843,8.379666319696723
SVN,2002-01-01,6.341667,73.155,2.422610905915973,7.480782970800882
SVN,2003-01-01,6.7,77.21083,5.650454367913042,5.54415966099378
SVN,2004-01-01,6.341667,79.985,-5.348253731343283,3.5929804147941398
SVN,2005-01-01,6.541667,81.94583,3.1537449065048695,2.4514971557166985
SVN,2006-01-01,5.991667,83.96,-8.407642883686997,2.4579286096681097
SVN,2007-01-01,4.858333,87.03083,-18.91517001862753,3.6574916626965233
SVN,2008-01-01,4.391667,91.94583,-9.60547578768273,5.647424022039094
SVN,2009-01-01,5.891667,92.7175,34.15559513050511,0.8392659025428345
SVN,2010-01-01,7.3,94.3875,23.90381194320724,1.8011702213713718
SVN,2011-01-01,8.241667,96.08916,12.899547945205477,1.8028446563369132
SVN,2012-01-01,8.916667,98.585,8.190090669763784,2.5974209785994455
SVN,2013-01-01,10.175,100.3292,14.112145266835695,1.7692346705888387
SVN,2014-01-01,9.791667,100.5292,-3.767400491400495,0.1993437603409604
SVN,2015-01-01,9.025,100.0008,-7.829790371751816,-0.5256184272828242
SVN,2016-01-01,8.025,99.94583,-11.080332409972298,-0.054969560243515354
SVN,2017-01-01,6.6,101.3742,-17.757009345794398,1.4291441673954792
SVN,2018-01-01,5.158333,103.1367,-21.843439393939395,1.7386080482016162
SVN,2019-01-01,4.466667,104.8183,-13.408711690385239,1.6304574414345125
SVN,2020-01-01,5.008333,104.7608,12.126849841279865,-0.05485683320564285
SWE,1984-01-01,3.266667,45.69658,-10.90908991735546,8.044248021956609
SWE,1985-01-01,2.883333,49.0656,-11.734713088294585,7.372586745003688
SWE,1986-01-01,2.691667,51.14397,-6.647376491026187,4.23590050870671
SWE,1987-01-01,2.191667,53.28617,-18.575849092774106,4.188568075571754
SWE,1988-01-01,1.8,56.39004,-17.870734924603045,5.8249072883264095
SWE,1989-01-01,1.558333,60.0234,-13.425944444444447,6.443265512845892
SWE,1990-01-01,1.716667,66.24576,10.16047276159845,10.36655704275333
SWE,1991-01-01,3.1,72.50243,80.58248920728366,9.444634645296542
SWE,1992-01-01,5.558333,74.2239,79.30106451612903,2.3743617972528597
SWE,1993-01-01,9.05,77.73334,62.81860046888159,4.7281805456194
SWE,1994-01-01,9.358334,79.41093,3.4070055248618623,2.158134463281772
SWE,1995-01-01,8.8,81.36058,-5.966168764654036,2.4551406210706834
SWE,1996-01-01,9.558333,81.79434,8.617420454545439,0.5331328758964189
SWE,1997-01-01,9.891666,82.33289,3.487354960326256,0.6584196412612422
SWE,1998-01-01,8.2,82.11295,-17.101932070896865,-0.26713504165833146
SWE,1999-01-01,6.733333,82.49245,-17.88618292682926,0.4621682694386297
SWE,2000-01-01,5.6,83.23418,-16.831679051073227,0.8991489524192696
SWE,2001-01-01,5.825,85.23676,4.017857142857153,2.405958705906647
SWE,2002-01-01,5.95,87.07658,2.1459227467811157,2.1584818568889794
SWE,2003-01-01,6.566667,88.75337,10.364151260504196,1.9256498130725814
SWE,2004-01-01,7.375,89.08501,12.309638969053863,0.37366468450718326
SWE,2005-01-01,7.641667,89.48872,3.615823728813559,0.45317388413606713
SWE,2006-01-01,7.041667,90.70596,-7.851689951943727,1.360216125563092
SWE,2007-01-01,6.116667,92.71252,-13.136094052729286,2.212158936413873
SWE,2008-01-01,6.166667,95.8991,0.817438647551039,3.4370546717962216
SWE,2009-01-01,8.3,95.42492,34.5945873192115,-0.49445719511445263
SWE,2010-01-01,8.575,96.52992,3.3132530120481753,1.1579784400133675
SWE,2011-01-01,7.766667,99.38832,-9.426623906705531,2.961154427559858
SWE,2012-01-01,7.966667,100.2713,2.5751071856177195,0.8884142522984627
SWE,2013-01-01,8.0,100.2269,0.4184058402340632,-0.044279868716169034
SWE,2014-01-01,7.933333,100.0468,-0.8333374999999976,-0.17969227822071313
SWE,2015-01-01,7.4,100.0,-6.72268515641534,-0.04677810784553291
SWE,2016-01-01,6.95,100.9843,-6.0810810810810825,0.9843000000000046
SWE,2017-01-01,6.683333,102.7964,-3.8369352517985607,1.7944373531331117
SWE,2018-01-01,6.325,104.8046,-5.361591289854927,1.9535703584950328
SWE,2019-01-01,6.766667,106.6745,6.982877470355727,1.784177412060159
SWE,2020-01-01,8.291667,107.205,22.536944702613567,0.4973072290003736
TUR,2006-01-01,9.066667,49.41062,-4.645041354777958,9.597234662013996
TUR,2007-01-01,9.158334,53.7371,1.0110330510649532,8.75617427994224
TUR,2008-01-01,10.025,59.34948,9.463140348452027,10.444143803815244
TUR,2009-01-01,13.04167,63.0594,30.091471321695757,6.250973049805991
TUR,2010-01-01,11.15,68.46135,-14.504814184073048,8.566446873899846
TUR,2011-01-01,9.141666,72.89208,-18.011964125560535,6.471870624812411
TUR,2012-01-01,8.433333,79.37334,-7.748401658953647,8.891583283122104
TUR,2013-01-01,9.05,85.32085,7.312257206018089,7.493082689981288
TUR,2014-01-01,9.958333,92.87565,10.036828729281755,8.854576577706387
TUR,2015-01-01,10.30833,100.0,3.5146143435854187,7.670848064051241
TUR,2016-01-01,10.90833,107.7751,5.820535431054299,7.775099999999996
TUR,2017-01-01,10.925,119.7859,0.15281899245806915,11.144318121718285
TUR,2018-01-01,10.975,139.3499,0.4576659038901504,16.33247318757883
TUR,2019-01-01,13.7,160.4988,24.829157175398628,15.176831845591565
TUR,2020-01-01,13.13333,180.2064,-4.136277372262763,12.278970310058403
USA,1960-01-01,5.508333,12.47801,0.6088219178082325,1.45795897127338
USA,1961-01-01,6.683333,12.61161,21.331317478445833,1.0706835464950042
USA,1962-01-01,5.541667,12.7628,-17.082285141261103,1.1988160115956623
USA,1963-01-01,5.666667,12.92101,2.255638962066829,1.2396182655843577
USA,1964-01-01,5.191667,13.08626,-8.382352448096924,1.278924789935141
USA,1965-01-01,4.525,13.2937,-12.84109708885411,1.585174068068341
USA,1966-01-01,3.783333,13.69452,-16.39043093922653,3.015112421673434
USA,1967-01-01,3.841667,14.07424,1.5418679772570993,2.772787947295699
USA,1968-01-01,3.583333,14.67546,-6.724528700691653,4.271775953799279
USA,1969-01-01,3.508333,15.47709,-2.0930234505138143,5.4623841433249885
USA,1970-01-01,4.933333,16.38068,40.61758105630225,5.838242201860952
USA,1971-01-01,5.958333,17.08387,20.777028430880286,4.292801031459007
USA,1972-01-01,5.616667,17.6429,-5.734254866252021,3.272267934607322
USA,1973-01-01,4.891667,18.73283,-12.908011103382126,6.177725884066672
USA,1974-01-01,5.591667,20.80371,14.310050132194203,11.054816597385441
USA,1975-01-01,8.466666,22.70583,51.41577636865714,9.143176866049373
USA,1976-01-01,7.716667,24.01023,-8.858256603012329,5.7447800851147095
USA,1977-01-01,7.066667,25.5713,-8.423325770050726,6.501686989254167
USA,1978-01-01,6.066667,27.52264,-14.150942728729117,7.630976915526385
USA,1979-01-01,5.833333,30.62017,-3.846164623837111,11.25447994814452
USA,1980-01-01,7.141667,34.76896,22.428584138776245,13.549206291147298
USA,1981-01-01,7.6,38.36223,6.417731322392933,10.33470658886546
USA,1982-01-01,9.708333,40.71438,27.741223684210528,6.131421452819614
USA,1983-01-01,9.616667,42.0223,-0.9441991740497574,3.2124276484131724
USA,1984-01-01,7.525,43.82949,-21.750435987853166,4.300549946100043
USA,1985-01-01,7.191667,45.38352,-4.429674418604658,3.54562647203971
USA,1986-01-01,6.991667,46.24493,-2.7809963948553262,1.8980678448917128
USA,1987-01-01,6.191667,47.9396,-11.442192541492608,3.6645530656009258
USA,1988-01-01,5.491667,49.89445,-11.305517560941183,4.077735316940484
USA,1989-01-01,5.266667,52.30286,-4.097116595015678,4.827009817725225
USA,1990-01-01,5.616667,55.12614,6.645569199647512,5.397945733751456
USA,1991-01-01,6.816667,57.46072,21.364983895253186,4.234978179136073
USA,1992-01-01,7.508333,59.2011,10.146688990381966,3.0288169030948353
USA,1993-01-01,6.9,60.94851,-8.102104688217745,2.9516512362101417
USA,1994-01-01,6.083333,62.53771,-11.835753623188417,2.6074468432452216
USA,1995-01-01,5.608333,64.29215,-7.808219605929836,2.805411327021744
USA,1996-01-01,5.416667,66.17669,-3.4175217484411085,2.931213219654323
USA,1997-01-01,4.95,67.72369,-8.615390239052912,2.337681138177221
USA,1998-01-01,4.508333,68.77496,-8.922565656565652,1.552292853505159
USA,1999-01-01,4.216667,70.27977,-6.469486615119163,2.188020174784553
USA,2000-01-01,3.991667,72.65302,-5.335967957630993,3.37686079507659
USA,2001-01-01,4.733333,74.70631,18.580357529824003,2.8261591878768484
USA,2002-01-01,5.775,75.89118,22.00705084556697,1.5860373775655678
USA,2003-01-01,5.991667,77.61398,3.751809523809511,2.270092519315146
USA,2004-01-01,5.533333,79.69189,-7.6495239137956075,2.6772367555432703
USA,2005-01-01,5.066667,82.39564,-8.433723399621892,3.3927542689726637
USA,2006-01-01,4.616667,85.05367,-8.881578363054059,3.2259352557975114
USA,2007-01-01,4.616667,87.47998,0.0,2.8526811365106304
USA,2008-01-01,5.775,90.83842,25.090243675794696,3.8390955279139316
USA,2009-01-01,9.266666,90.51545,60.46174891774892,-0.3555433923223213
USA,2010-01-01,9.616667,91.99994,3.776989480358943,1.6400404571816125
USA,2011-01-01,8.95,94.90424,-6.93241223804464,3.156849884902106
USA,2012-01-01,8.066667,96.86812,-9.869642458100545,2.069327987874939
USA,2013-01-01,7.375,98.28708,-8.574383943207284,1.4648369349998724
USA,2014-01-01,6.166667,99.88152,-16.384176271186437,1.6222274585835612
USA,2015-01-01,5.291667,100.0,-14.18918842220603,0.11862054161771392
USA,2016-01-01,4.866667,101.2616,-8.031495557071159,1.2616000000000014
USA,2017-01-01,4.35,103.4186,-10.616444478325722,2.130126326267802
USA,2018-01-01,3.9,105.9446,-10.344827586206891,2.4425006720261115
USA,2019-01-01,3.666667,107.8646,-5.982897435897437,1.812267921158796
USA,2020-01-01,8.091666,109.1952,120.68177993802,1.2335835853468182
