mois_jour,2000,2001,2002,2003,2004,2005,2006,2007,2008,2009,2010,2011,2012,2013,2014,2015,2016,2017,2018,2019,2020
01/01,1974,1670,1886,1640,1798,1757,1699,1779,1815,1885,1708,1819,1813,1874,1701,1877,1761,2204,2027,1839,1895
01/02,2040,1777,1927,1801,1829,1537,1765,1757,1881,2009,1678,1810,1754,1872,1780,1972,1797,2371,2142,1935,1892
01/03,2086,1775,1850,1701,1807,1672,1813,1774,1881,1920,1683,1881,1743,1866,1712,1958,1726,2352,2137,1880,1940
01/04,2080,1701,1887,1605,1701,1679,1720,1799,1898,1911,1748,1814,1762,1803,1693,1856,1835,2251,2160,1900,1821
01/05,2039,1697,1792,1569,1901,1665,1661,1749,1853,1993,1699,1875,1757,1748,1618,1978,1778,2272,2099,1921,1734
01/06,2001,1651,1777,1648,1810,1685,1588,1641,1859,2076,1754,1913,1730,1706,1786,1848,1799,2260,2020,1896,1967
01/07,2031,1665,1938,1690,1852,1558,1702,1663,1916,2005,1746,1768,1662,1787,1781,1969,1731,2238,2008,1984,1981
01/08,1944,1712,1857,1729,1804,1542,1602,1707,1827,1976,1737,1776,1713,1803,1684,1920,1721,2227,2072,1965,1934
01/09,1881,1679,1858,1789,1743,1534,1703,1701,1850,1986,1650,1673,1736,1742,1749,1964,1740,2379,2060,1972,1961
01/10,1959,1657,1944,1684,1750,1665,1632,1763,1853,2042,1732,1759,1776,1868,1699,1935,1745,2420,1968,1957,1925
01/11,1917,1739,1916,1649,1631,1598,1647,1647,1760,1915,1788,1803,1686,1777,1693,1903,1834,2359,2033,1940,1855
01/12,1902,1730,1822,1775,1783,1546,1630,1645,1703,2047,1820,1785,1716,1793,1562,1941,1753,2318,1994,2034,1781
01/13,1973,1618,1801,1757,1716,1629,1627,1671,1682,2086,1796,1691,1692,1675,1755,1937,1764,2350,1991,1935,1809
01/14,1970,1564,1864,1789,1669,1530,1660,1532,1722,1972,1790,1714,1648,1788,1725,1891,1772,2213,1923,1990,1928
01/15,1980,1627,1914,1866,1654,1602,1594,1658,1803,2003,1728,1725,1642,1848,1636,1894,1819,2118,1846,1977,1889
01/16,1860,1686,1889,1729,1618,1458,1577,1557,1713,2017,1694,1633,1738,1857,1685,1898,1771,2233,1989,2006,1871
01/17,2047,1706,1795,1734,1636,1652,1734,1665,1689,1942,1577,1727,1819,1854,1742,1819,1703,2186,1992,1967,1834
01/18,1972,1646,1812,1714,1448,1619,1665,1539,1688,2005,1692,1658,1766,1832,1642,1794,1775,2117,1934,1961,1756
01/19,1944,1627,1859,1772,1614,1604,1631,1579,1668,2145,1730,1683,1688,1886,1592,1859,1811,2111,1959,1930,1723
01/20,1941,1608,1872,1851,1675,1625,1602,1600,1706,2054,1741,1613,1709,1811,1671,1873,1879,2163,1922,1854,1788
01/21,1931,1540,1916,1774,1702,1573,1548,1446,1659,1923,1675,1653,1662,1949,1631,1801,1813,2193,1968,1954,1806
01/22,1978,1764,1852,1705,1597,1668,1599,1536,1597,1913,1689,1651,1742,1933,1666,1855,1783,2120,1891,2072,1791
01/23,1849,1646,1830,1677,1561,1533,1598,1534,1599,1930,1651,1536,1736,1838,1554,1875,1847,2206,1864,2004,1783
01/24,1927,1728,1816,1556,1633,1651,1573,1578,1727,1829,1652,1746,1731,1901,1668,1913,1654,2102,1898,1934,1838
01/25,1918,1585,1856,1632,1541,1629,1569,1617,1627,1820,1715,1688,1663,1852,1645,1817,1782,2222,1881,2045,1804
01/26,1886,1633,1851,1572,1673,1587,1549,1608,1515,1998,1640,1621,1702,1851,1538,1904,1705,2227,1825,2087,1751
01/27,1969,1625,1788,1734,1619,1645,1570,1552,1564,1860,1684,1556,1666,1823,1644,2011,1800,2212,1784,2014,1876
01/28,1979,1633,1830,1590,1568,1706,1586,1616,1646,1796,1673,1568,1616,1886,1699,1876,1748,2117,1735,2109,1809
01/29,1975,1502,1733,1594,1569,1622,1561,1617,1583,1864,1708,1707,1626,1920,1638,2019,1798,2100,1818,2037,1859
01/30,1995,1658,1757,1673,1517,1659,1635,1606,1595,1846,1610,1620,1650,1901,1666,2027,1666,2156,1835,2033,1769
01/31,1946,1558,1794,1624,1605,1711,1686,1615,1599,1816,1684,1659,1702,1806,1570,2002,1709,2159,1831,2044,1843
02/01,2081,1603,1845,1586,1569,1794,1600,1629,1656,1750,1674,1683,1674,1943,1673,1831,1769,2219,1771,2169,1735
02/02,1917,1630,1693,1564,1615,1759,1586,1679,1605,1877,1689,1701,1665,1715,1639,1994,1806,2100,1791,2057,1852
02/03,1848,1637,1687,1711,1607,1719,1606,1629,1512,1789,1705,1661,1723,1722,1727,2046,1774,2081,1751,1926,1883
02/04,1874,1587,1692,1731,1668,1760,1547,1637,1640,1792,1630,1710,1790,1925,1708,2077,1712,2050,1792,2053,1867
02/05,1865,1683,1733,1622,1528,1763,1540,1638,1663,1893,1676,1676,1770,1801,1566,2051,1723,1946,1888,2110,1740
02/06,1778,1653,1817,1626,1599,1778,1602,1652,1703,1831,1716,1678,1849,1761,1719,2055,1714,2032,1896,2116,1805
02/07,1868,1609,1718,1654,1489,1820,1708,1629,1613,1762,1590,1726,1901,1847,1670,2095,1602,2009,1864,2049,1827
02/08,1781,1581,1704,1624,1466,1804,1617,1718,1606,1707,1659,1766,1788,1832,1676,2057,1722,2011,1826,2100,1799
02/09,1734,1535,1753,1606,1547,1805,1646,1619,1592,1766,1645,1712,1875,1765,1648,2151,1712,1948,1865,2063,1710
02/10,1753,1577,1687,1636,1502,1808,1640,1595,1598,1789,1625,1736,1930,1870,1771,2119,1745,2009,1945,1984,1819
02/11,1729,1610,1776,1640,1513,1842,1552,1691,1600,1689,1688,1621,1870,1972,1724,2163,1683,1915,1867,2041,1785
02/12,1726,1674,1694,1683,1534,1846,1568,1702,1640,1738,1710,1627,1840,1903,1720,2164,1774,1903,1846,1992,1792
02/13,1639,1619,1666,1629,1557,1908,1543,1640,1594,1733,1689,1607,1879,1909,1738,2153,1822,1980,1896,2014,1766
02/14,1804,1561,1677,1599,1479,1884,1619,1649,1700,1617,1733,1668,1960,1824,1770,2220,1753,1898,1878,2005,1766
02/15,1727,1482,1675,1609,1500,1880,1673,1633,1624,1567,1752,1660,1976,1891,1717,2113,1751,1957,1814,2048,1752
02/16,1706,1561,1663,1482,1578,1908,1672,1680,1536,1744,1747,1682,2019,1822,1618,2118,1743,1888,1997,2021,1786
02/17,1655,1581,1633,1656,1550,1846,1583,1703,1630,1698,1731,1697,1968,1824,1716,2155,1683,1903,1876,1907,1864
02/18,1666,1493,1729,1712,1577,1807,1639,1560,1637,1675,1715,1603,1996,1926,1623,2096,1722,1756,1784,2032,1755
02/19,1628,1552,1608,1667,1507,1895,1590,1693,1667,1662,1758,1570,1922,1824,1722,2128,1725,1665,1978,2123,1667
02/20,1559,1530,1719,1659,1561,1935,1633,1640,1674,1665,1720,1620,1901,1859,1715,2102,1696,1759,1941,2032,1695
02/21,1591,1557,1660,1644,1562,1937,1568,1644,1731,1688,1666,1655,1951,1927,1718,2147,1673,1776,1878,1995,1746
02/22,1656,1546,1577,1638,1540,1914,1624,1628,1691,1658,1834,1605,2008,1892,1615,1979,1797,1855,1874,2019,1633
02/23,1679,1572,1725,1709,1538,1882,1552,1494,1675,1748,1709,1630,1992,1837,1601,2158,1722,1793,1972,1856,1667
02/24,1614,1546,1563,1683,1578,1921,1583,1556,1678,1655,1694,1657,2006,1835,1685,2070,1680,1811,1944,1852,1726
02/25,1585,1518,1644,1680,1515,1880,1606,1590,1719,1579,1678,1636,1983,1889,1723,2045,1643,1672,1950,2044,1696
02/26,1586,1536,1729,1666,1529,1904,1507,1572,1581,1613,1689,1542,1991,2007,1672,1968,1685,1742,2026,1955,1799
02/27,1637,1666,1670,1718,1556,1881,1561,1553,1614,1691,1583,1558,2026,1913,1756,1935,1760,1792,1994,1979,1747
02/28,1618,1628,1629,1692,1522,1970,1634,1541,1582,1672,1629,1580,1944,1917,1656,1916,1637,1815,1990,1950,1761
02/29,1608,,,,1589,,,,1553,,,,1978,,,,1853,,,0,1702
03/01,1615,1622,1660,1682,1594,2014,1601,1549,1582,1590,1594,1594,2046,1950,1677,1923,1824,1695,2168,1897,1770
03/02,1571,1616,1554,1614,1495,1941,1586,1579,1547,1658,1650,1541,1980,1969,1665,1980,1734,1782,2214,1937,1774
03/03,1584,1735,1585,1681,1541,1884,1617,1550,1596,1640,1561,1582,1882,1883,1660,2033,1792,1752,2162,1772,1757
03/04,1537,1661,1577,1632,1618,1886,1620,1567,1490,1685,1639,1553,1865,1965,1666,1897,1753,1739,2122,1909,1795
03/05,1543,1714,1701,1658,1547,1844,1569,1433,1575,1557,1580,1562,1910,1934,1596,1932,1735,1558,2226,1891,1761
03/06,1549,1684,1597,1575,1544,1896,1588,1584,1592,1576,1476,1559,1894,1963,1683,1873,1725,1658,2187,1889,1830
03/07,1601,1716,1570,1621,1463,1895,1587,1566,1654,1595,1579,1590,1857,1856,1596,1865,1759,1723,2081,1885,1677
03/08,1483,1641,1703,1563,1537,1921,1647,1598,1551,1502,1668,1654,1834,1898,1675,1744,1785,1656,2137,1829,1694
03/09,1528,1545,1646,1511,1498,1950,1536,1555,1525,1524,1684,1592,1774,1871,1604,1866,1804,1728,2085,1795,1805
03/10,1553,1557,1585,1605,1498,1852,1491,1451,1617,1589,1565,1554,1796,1744,1677,1930,1834,1788,2111,1701,1810
03/11,1537,1564,1608,1646,1627,1842,1477,1445,1613,1557,1705,1603,1839,1761,1660,1840,1708,1701,1961,1787,1871
03/12,1438,1664,1523,1606,1539,1883,1449,1473,1562,1564,1690,1545,1869,1796,1622,1763,1764,1609,2066,1733,1773
03/13,1548,1573,1596,1556,1531,1818,1508,1503,1619,1567,1614,1508,1789,1896,1676,1827,1685,1734,2000,1713,1746
03/14,1486,1580,1511,1550,1548,1874,1527,1516,1559,1565,1576,1594,1827,1870,1705,1759,1754,1634,1951,1747,1727
03/15,1447,1597,1518,1539,1571,1825,1507,1562,1570,1515,1644,1583,1750,1713,1551,1690,1855,1582,1924,1765,1814
03/16,1476,1574,1562,1534,1475,1886,1514,1440,1480,1556,1660,1646,1836,1740,1614,1831,1826,1612,1927,1739,1958
03/17,1608,1637,1532,1565,1469,1933,1566,1431,1489,1578,1689,1510,1732,1710,1642,1847,1779,1625,1863,1652,1995
03/18,1413,1523,1581,1563,1419,1865,1492,1491,1583,1460,1574,1519,1656,1769,1665,1775,1849,1553,1814,1778,1961
03/19,1417,1575,1578,1584,1461,1770,1496,1489,1492,1437,1683,1435,1735,1693,1648,1723,1751,1656,1852,1706,2071
03/20,1447,1556,1531,1515,1458,1720,1633,1520,1549,1502,1615,1412,1594,1700,1610,1743,1641,1604,1814,1679,2000
03/21,1506,1562,1514,1598,1431,1699,1557,1489,1627,1425,1582,1486,1654,1701,1626,1693,1795,1625,1918,1724,1892
03/22,1546,1515,1533,1591,1457,1721,1511,1529,1481,1455,1557,1497,1701,1755,1557,1681,1802,1624,1912,1702,1964
03/23,1506,1496,1505,1510,1466,1677,1547,1552,1569,1536,1559,1553,1688,1669,1578,1771,1748,1601,1855,1731,2110
03/24,1515,1577,1443,1600,1460,1596,1584,1490,1591,1521,1503,1567,1639,1570,1582,1921,1809,1628,1911,1654,2111
03/25,1471,1395,1481,1587,1441,1594,1475,1410,1634,1553,1509,1590,1534,1594,1531,1756,1752,1613,1843,1685,2269
03/26,1454,1482,1503,1511,1491,1605,1450,1519,1603,1546,1515,1519,1703,1627,1490,1604,1798,1469,1874,1651,2320
03/27,1526,1545,1510,1490,1447,1394,1547,1561,1618,1512,1445,1398,1671,1725,1587,1721,1575,1546,1888,1707,2356
03/28,1473,1523,1479,1579,1379,1549,1464,1546,1582,1487,1436,1509,1654,1653,1556,1692,1817,1644,1849,1714,2450
03/29,1486,1467,1509,1520,1488,1570,1441,1513,1472,1485,1604,1545,1646,1630,1503,1594,1909,1532,1848,1684,2310
03/30,1498,1485,1581,1458,1445,1562,1438,1471,1445,1506,1505,1549,1565,1708,1458,1749,1759,1636,1825,1661,2600
03/31,1454,1520,1480,1521,1559,1530,1426,1470,1598,1582,1462,1479,1510,1505,1590,1669,1777,1642,1784,1637,2657
04/01,1492,1517,1511,1589,1482,1538,1491,1464,1561,1563,1566,1526,1561,1565,1609,1651,1751,1628,1801,1715,2691
04/02,1500,1563,1596,1470,1491,1539,1432,1552,1575,1586,1564,1448,1556,1647,1581,1633,1716,1530,1735,1718,2555
04/03,1528,1538,1586,1424,1385,1495,1541,1517,1517,1620,1490,1463,1629,1658,1641,1702,1660,1604,1874,1708,2656
04/04,1580,1456,1544,1492,1388,1484,1427,1416,1613,1501,1399,1415,1580,1647,1594,1583,1745,1549,1774,1690,2586
04/05,1451,1466,1567,1538,1410,1501,1420,1447,1599,1444,1533,1448,1611,1660,1554,1544,1764,1602,1782,1681,2556
04/06,1424,1508,1472,1462,1479,1499,1439,1505,1515,1587,1579,1526,1613,1649,1584,1600,1752,1592,1757,1668,2566
04/07,1455,1479,1423,1524,1398,1542,1398,1520,1567,1550,1577,1515,1672,1619,1572,1672,1712,1553,1767,1698,2523
04/08,1511,1423,1527,1547,1450,1505,1481,1434,1532,1512,1483,1464,1490,1738,1519,1707,1677,1572,1745,1687,2410
04/09,1486,1473,1510,1548,1385,1444,1390,1493,1640,1533,1488,1521,1531,1648,1514,1696,1643,1554,1769,1646,2357
04/10,1468,1529,1537,1551,1404,1474,1379,1567,1599,1540,1542,1447,1622,1677,1499,1709,1690,1566,1824,1684,2381
04/11,1485,1468,1571,1524,1368,1499,1438,1490,1507,1504,1444,1463,1586,1565,1505,1671,1688,1618,1733,1630,2220
04/12,1475,1439,1535,1580,1441,1493,1401,1466,1512,1481,1532,1433,1604,1679,1477,1556,1804,1584,1761,1641,2050
04/13,1409,1437,1512,1521,1544,1452,1473,1501,1468,1478,1541,1443,1604,1561,1510,1651,1657,1672,1689,1569,2145
04/14,1423,1475,1452,1602,1398,1467,1467,1435,1557,1616,1464,1322,1561,1607,1474,1615,1651,1597,1640,1536,2319
04/15,1485,1495,1504,1585,1495,1504,1469,1536,1535,1516,1521,1412,1547,1663,1477,1685,1698,1477,1686,1638,2241
04/16,1448,1499,1545,1587,1461,1523,1430,1527,1483,1481,1516,1431,1530,1554,1466,1668,1564,1515,1710,1690,2172
04/17,1492,1505,1522,1647,1424,1456,1453,1457,1572,1472,1569,1380,1533,1538,1542,1633,1550,1468,1664,1746,2290
04/18,1471,1571,1497,1563,1335,1500,1424,1437,1509,1449,1527,1536,1603,1592,1546,1497,1658,1575,1669,1639,2128
04/19,1476,1517,1568,1552,1531,1536,1463,1454,1541,1457,1488,1511,1676,1567,1527,1497,1606,1600,1767,1695,1991
04/20,1448,1481,1471,1473,1446,1498,1400,1368,1474,1519,1582,1467,1665,1509,1574,1576,1673,1558,1781,1699,1892
04/21,1499,1486,1447,1499,1441,1469,1443,1394,1527,1418,1507,1511,1561,1513,1529,1651,1579,1648,1768,1576,1899
04/22,1489,1478,1543,1613,1420,1526,1433,1347,1572,1434,1458,1544,1507,1505,1598,1576,1548,1623,1597,1675,1875
04/23,1387,1573,1557,1565,1450,1474,1388,1442,1519,1457,1483,1553,1621,1548,1507,1582,1525,1596,1620,1705,1872
04/24,1405,1560,1494,1480,1373,1468,1405,1472,1531,1448,1497,1505,1610,1553,1570,1599,1516,1637,1630,1766,1835
04/25,1505,1547,1546,1589,1366,1526,1436,1498,1545,1474,1506,1385,1528,1591,1567,1615,1592,1681,1608,1657,1806
04/26,1468,1553,1593,1489,1366,1420,1340,1412,1452,1374,1481,1508,1607,1566,1508,1554,1526,1688,1569,1642,1696
04/27,1483,1463,1371,1447,1498,1498,1433,1471,1473,1453,1502,1403,1627,1512,1439,1578,1600,1652,1597,1580,1651
04/28,1471,1492,1448,1523,1440,1445,1431,1354,1541,1495,1554,1525,1538,1429,1498,1565,1652,1582,1604,1615,1726
04/29,1446,1480,1422,1519,1402,1488,1387,1315,1548,1433,1509,1522,1493,1498,1530,1588,1601,1570,1596,1585,1674
04/30,1430,1559,1507,1509,1413,1559,1330,1379,1474,1528,1457,1389,1523,1484,1565,1515,1618,1584,1589,1582,1595
05/01,1466,1511,1458,1462,1363,1499,1295,1335,1449,1436,1464,1527,1586,1524,1479,1595,1517,1576,1502,1678,1516
05/02,1493,1585,1475,1456,1430,1567,1506,1408,1432,1448,1420,1557,1505,1502,1501,1582,1666,1640,1605,1660,1580
05/03,1459,1527,1405,1443,1438,1496,1453,1340,1453,1461,1456,1472,1505,1503,1451,1538,1641,1586,1495,1613,1545
05/04,1409,1510,1416,1390,1366,1407,1463,1355,1425,1456,1428,1442,1460,1408,1421,1604,1567,1618,1659,1604,1650
05/05,1384,1522,1385,1516,1397,1389,1454,1328,1594,1410,1375,1498,1533,1546,1517,1594,1565,1619,1628,1524,1608
05/06,1422,1384,1457,1477,1384,1406,1458,1339,1496,1467,1439,1527,1475,1492,1611,1555,1616,1634,1611,1714,1575
05/07,1345,1439,1368,1425,1378,1409,1370,1358,1474,1545,1470,1482,1513,1537,1557,1536,1673,1567,1620,1652,1555
05/08,1414,1388,1481,1437,1308,1324,1359,1314,1524,1485,1497,1362,1487,1530,1554,1504,1517,1525,1572,1619,1554
05/09,1432,1506,1452,1386,1392,1406,1411,1354,1475,1415,1355,1536,1591,1419,1538,1535,1669,1612,1548,1616,1491
05/10,1479,1523,1405,1406,1427,1432,1335,1401,1459,1363,1545,1519,1620,1492,1453,1516,1660,1612,1463,1678,1510
05/11,1390,1530,1431,1434,1415,1423,1400,1389,1460,1430,1531,1456,1623,1420,1400,1597,1618,1660,1598,1540,1445
05/12,1350,1491,1391,1471,1434,1377,1357,1376,1415,1440,1429,1391,1473,1371,1480,1558,1612,1573,1531,1590,1478
05/13,1393,1519,1455,1427,1316,1442,1387,1317,1559,1492,1429,1386,1462,1554,1511,1538,1552,1554,1408,1558,1505
05/14,1322,1534,1442,1329,1393,1353,1391,1398,1504,1367,1379,1465,1482,1509,1474,1448,1469,1561,1498,1624,1434
05/15,1428,1445,1454,1425,1335,1373,1451,1368,1403,1405,1368,1352,1461,1484,1431,1462,1500,1670,1512,1631,1519
05/16,1473,1504,1465,1450,1420,1424,1387,1323,1432,1331,1418,1331,1401,1526,1508,1451,1486,1641,1565,1634,1424
05/17,1330,1429,1588,1427,1447,1397,1431,1375,1344,1361,1554,1442,1438,1509,1514,1386,1569,1577,1567,1647,1383
05/18,1360,1359,1427,1470,1439,1366,1420,1383,1261,1391,1565,1461,1529,1443,1542,1554,1572,1595,1600,1658,1446
05/19,1341,1490,1404,1417,1397,1344,1275,1422,1308,1445,1484,1410,1437,1431,1561,1436,1680,1490,1538,1588,
05/20,1345,1397,1455,1362,1331,1466,1325,1343,1433,1427,1575,1341,1468,1400,1573,1401,1554,1504,1551,1667,
05/21,1337,1463,1479,1428,1315,1451,1330,1440,1373,1453,1582,1425,1489,1514,1549,1433,1606,1541,1580,1610,
05/22,1380,1479,1380,1423,1283,1410,1392,1434,1441,1435,1504,1381,1495,1470,1520,1454,1471,1529,1559,1570,
05/23,1358,1460,1408,1499,1252,1434,1392,1400,1474,1439,1462,1407,1540,1439,1495,1598,1547,1563,1632,1682,
05/24,1431,1499,1457,1432,1372,1340,1316,1449,1433,1403,1547,1444,1532,1473,1458,1502,1550,1564,1610,1674,
05/25,1425,1452,1419,1341,1429,1426,1340,1464,1394,1574,1695,1357,1529,1496,1397,1481,1472,1575,1587,1526,
05/26,1365,1521,1297,1382,1298,1541,1421,1388,1443,1438,1546,1430,1539,1448,1430,1548,1590,1595,1615,1478,
05/27,1351,1346,1365,1444,1381,1540,1391,1267,1439,1329,1512,1422,1433,1623,1469,1416,1562,1636,1589,1566,
05/28,1333,1436,1431,1408,1424,1452,1404,1275,1436,1367,1458,1343,1421,1539,1526,1515,1608,1562,1633,1559,
05/29,1339,1557,1445,1424,1364,1459,1400,1362,1387,1462,1411,1405,1492,1500,1449,1461,1537,1658,1591,1513,
05/30,1426,1515,1480,1559,1338,1364,1325,1436,1407,1367,1448,1444,1508,1444,1396,1563,1520,1548,1563,1465,
05/31,1411,1435,1446,1526,1347,1375,1343,1364,1341,1432,1486,1478,1481,1434,1420,1497,1549,1523,1505,1568,
06/01,1352,1437,1433,1550,1362,1334,1348,1370,1355,1477,1509,1353,1421,1537,1431,1597,1482,1513,1496,1592,
06/02,1496,1357,1441,1598,1342,1316,1346,1326,1407,1418,1441,1350,1469,1429,1456,1508,1438,1484,1560,1575,
06/03,1498,1334,1585,1436,1359,1384,1395,1367,1365,1377,1517,1377,1492,1490,1487,1513,1452,1509,1530,1630,
06/04,1394,1336,1481,1503,1361,1336,1409,1499,1341,1480,1572,1482,1399,1574,1489,1543,1460,1343,1523,1586,
06/05,1373,1373,1458,1383,1336,1320,1376,1493,1374,1348,1568,1456,1347,1534,1530,1648,1505,1443,1458,1529,
06/06,1324,1426,1373,1378,1351,1408,1466,1474,1347,1433,1528,1430,1427,1564,1519,1558,1524,1396,1491,1512,
06/07,1345,1366,1375,1473,1444,1329,1415,1393,1292,1315,1490,1453,1390,1640,1593,1407,1561,1442,1498,1498,
06/08,1377,1451,1329,1446,1464,1281,1443,1476,1297,1369,1413,1346,1405,1482,1550,1455,1607,1448,1597,1495,
06/09,1482,1438,1313,1383,1573,1371,1415,1339,1381,1423,1429,1327,1338,1514,1558,1518,1535,1575,1498,1467,
06/10,1349,1376,1443,1472,1442,1310,1446,1397,1491,1403,1462,1331,1337,1480,1586,1523,1550,1439,1465,1467,
06/11,1339,1307,1431,1467,1402,1359,1530,1437,1422,1380,1395,1373,1429,1452,1485,1477,1473,1512,1522,1514,
06/12,1244,1396,1489,1468,1283,1383,1566,1387,1463,1425,1364,1341,1419,1453,1503,1584,1429,1507,1535,1505,
06/13,1434,1381,1467,1518,1280,1427,1530,1393,1316,1399,1331,1406,1431,1487,1498,1485,1483,1473,1445,1576,
06/14,1439,1405,1593,1543,1272,1347,1465,1352,1404,1425,1379,1518,1458,1410,1442,1486,1520,1491,1453,1513,
06/15,1433,1484,1535,1515,1335,1342,1413,1365,1317,1409,1388,1479,1465,1394,1380,1470,1463,1554,1515,1583,
06/16,1496,1460,1436,1468,1335,1438,1420,1311,1390,1373,1385,1502,1446,1468,1391,1467,1440,1542,1471,1534,
06/17,1432,1366,1645,1542,1335,1469,1378,1296,1403,1348,1402,1382,1354,1464,1434,1428,1493,1451,1463,1642,
06/18,1427,1415,1662,1349,1294,1411,1458,1304,1385,1398,1409,1356,1446,1550,1380,1487,1418,1496,1458,1575,
06/19,1543,1408,1476,1444,1317,1525,1435,1482,1461,1437,1303,1300,1532,1521,1427,1483,1450,1593,1544,1628,
06/20,1562,1481,1561,1446,1221,1534,1373,1419,1446,1342,1313,1390,1444,1467,1483,1474,1446,1678,1573,1567,
06/21,1495,1445,1452,1499,1316,1453,1354,1349,1507,1271,1389,1400,1468,1421,1441,1442,1550,1735,1581,1499,
06/22,1433,1585,1498,1490,1335,1439,1386,1345,1551,1431,1439,1488,1466,1382,1451,1546,1666,1751,1528,1480,
06/23,1368,1452,1503,1494,1402,1524,1304,1292,1513,1363,1482,1395,1449,1308,1465,1402,1613,1559,1428,1517,
06/24,1310,1428,1473,1457,1275,1532,1385,1268,1520,1448,1463,1295,1370,1343,1404,1472,1624,1508,1492,1594,
06/25,1267,1570,1355,1524,1248,1476,1317,1395,1462,1479,1513,1371,1481,1336,1448,1555,1486,1423,1504,1592,
06/26,1349,1728,1376,1532,1326,1388,1318,1338,1376,1529,1498,1438,1500,1419,1466,1589,1410,1497,1601,1656,
06/27,1297,1642,1438,1495,1420,1500,1404,1344,1418,1382,1527,1676,1556,1380,1402,1509,1437,1571,1631,1650,
06/28,1331,1470,1333,1387,1396,1548,1320,1269,1377,1437,1568,1691,1584,1423,1415,1471,1470,1467,1639,1686,
06/29,1375,1487,1393,1394,1279,1374,1316,1412,1385,1529,1512,1525,1573,1470,1349,1561,1526,1393,1607,1653,
06/30,1418,1452,1311,1427,1352,1348,1476,1377,1423,1556,1452,1328,1408,1336,1404,1583,1533,1373,1581,1719,
07/01,1439,1461,1374,1437,1374,1311,1472,1421,1485,1477,1526,1340,1416,1507,1410,1683,1520,1386,1730,1672,
07/02,1445,1514,1382,1362,1252,1300,1424,1424,1516,1546,1559,1327,1375,1431,1365,1746,1486,1420,1668,1546,
07/03,1577,1574,1424,1343,1214,1293,1604,1336,1486,1433,1589,1363,1460,1528,1516,1608,1466,1528,1697,1559,
07/04,1452,1511,1364,1380,1322,1301,1551,1391,1344,1417,1416,1446,1489,1449,1497,1754,1547,1537,1627,1553,
07/05,1326,1553,1332,1388,1387,1240,1466,1369,1340,1365,1448,1535,1392,1492,1472,1638,1572,1497,1591,1583,
07/06,1395,1491,1426,1385,1364,1231,1371,1356,1304,1411,1388,1425,1491,1359,1427,1642,1460,1577,1529,1652,
07/07,1432,1420,1307,1447,1360,1266,1271,1354,1387,1329,1374,1423,1361,1430,1397,1609,1571,1709,1547,1558,
07/08,1385,1313,1407,1441,1371,1220,1305,1374,1343,1381,1466,1336,1348,1573,1414,1589,1588,1576,1518,1470,
07/09,1255,1383,1494,1415,1311,1258,1295,1393,1359,1280,1551,1428,1403,1618,1362,1423,1556,1566,1570,1527,
07/10,1343,1427,1352,1442,1242,1259,1336,1364,1339,1388,1485,1334,1402,1551,1385,1487,1567,1587,1574,1467,
07/11,1369,1336,1376,1566,1283,1383,1474,1383,1371,1379,1456,1442,1376,1429,1431,1475,1612,1508,1464,1638,
07/12,1245,1334,1413,1509,1288,1362,1401,1400,1343,1331,1480,1460,1404,1437,1449,1471,1534,1461,1492,1591,
07/13,1320,1381,1451,1513,1388,1348,1370,1374,1282,1398,1440,1421,1351,1481,1401,1507,1471,1500,1535,1542,
07/14,1396,1336,1347,1516,1306,1409,1410,1560,1341,1447,1358,1298,1405,1394,1418,1430,1500,1569,1509,1448,
07/15,1314,1329,1438,1769,1381,1491,1437,1510,1447,1351,1397,1334,1332,1480,1493,1489,1462,1445,1509,1436,
07/16,1342,1318,1411,1693,1362,1472,1415,1565,1435,1392,1425,1335,1456,1512,1511,1568,1463,1454,1617,1495,
07/17,1336,1445,1499,1458,1434,1369,1523,1440,1373,1394,1338,1399,1467,1482,1587,1571,1525,1628,1556,1558,
07/18,1417,1370,1380,1478,1373,1438,1597,1411,1385,1243,1273,1385,1469,1504,1634,1501,1605,1617,1571,1579,
07/19,1358,1317,1462,1495,1361,1271,1583,1405,1410,1270,1396,1389,1524,1505,1594,1468,1705,1573,1639,1593,
07/20,1437,1354,1384,1511,1343,1310,1586,1414,1416,1431,1444,1413,1479,1492,1492,1467,1768,1522,1539,1642,
07/21,1426,1447,1474,1549,1358,1331,1524,1394,1353,1443,1487,1360,1372,1442,1455,1579,1663,1489,1532,1480,
07/22,1493,1363,1402,1533,1445,1303,1526,1369,1369,1453,1386,1416,1358,1573,1491,1478,1660,1436,1448,1594,
07/23,1414,1463,1333,1460,1331,1322,1384,1365,1377,1417,1299,1370,1543,1574,1434,1426,1421,1436,1574,1634,
07/24,1505,1424,1482,1446,1317,1305,1433,1377,1414,1401,1359,1359,1540,1499,1548,1554,1491,1517,1604,1721,
07/25,1528,1528,1358,1347,1248,1405,1520,1344,1516,1289,1309,1476,1549,1472,1511,1434,1585,1552,1703,1876,
07/26,1412,1501,1381,1474,1294,1310,1520,1410,1405,1351,1419,1384,1541,1536,1460,1365,1536,1427,1618,1889,
07/27,1376,1561,1361,1408,1277,1424,1426,1378,1373,1328,1432,1357,1628,1581,1424,1418,1471,1537,1721,1569,
07/28,1344,1558,1476,1383,1349,1444,1375,1345,1488,1399,1456,1373,1513,1389,1441,1451,1443,1559,1615,1508,
07/29,1349,1479,1604,1373,1395,1399,1294,1395,1498,1392,1403,1419,1379,1328,1411,1380,1453,1499,1528,1468,
07/30,1311,1622,1530,1432,1329,1281,1415,1344,1499,1388,1364,1417,1375,1419,1420,1459,1362,1502,1627,1486,
07/31,1360,1673,1383,1329,1388,1222,1396,1389,1479,1344,1309,1345,1423,1424,1490,1480,1413,1521,1578,1434,
08/01,1465,1669,1342,1348,1382,1319,1286,1343,1475,1393,1268,1483,1465,1463,1555,1479,1401,1571,1588,1526,
08/02,1432,1659,1389,1464,1368,1265,1355,1351,1351,1400,1403,1543,1414,1501,1481,1465,1492,1605,1521,1558,
08/03,1310,1428,1320,1507,1424,1238,1287,1386,1369,1254,1402,1559,1402,1423,1415,1596,1494,1680,1587,1532,
08/04,1259,1414,1322,1678,1323,1270,1334,1369,1466,1341,1323,1441,1402,1370,1475,1594,1486,1582,1678,1516,
08/05,1281,1289,1366,1948,1349,1255,1277,1396,1367,1447,1370,1442,1355,1431,1432,1507,1491,1470,1617,1515,
08/06,1332,1363,1325,2170,1384,1300,1245,1430,1369,1555,1323,1362,1432,1498,1448,1665,1437,1437,1708,1583,
08/07,1419,1406,1348,2361,1288,1261,1395,1357,1434,1473,1393,1359,1404,1410,1463,1573,1415,1497,1799,1537,
08/08,1349,1385,1350,2596,1366,1262,1357,1313,1340,1370,1361,1299,1384,1324,1512,1500,1466,1554,1689,1532,
08/09,1418,1289,1280,2623,1378,1389,1345,1272,1258,1371,1377,1386,1436,1303,1423,1455,1477,1430,1566,1649,
08/10,1360,1298,1248,2792,1375,1380,1416,1306,1311,1365,1417,1338,1456,1333,1395,1471,1336,1483,1460,1493,
08/11,1429,1258,1211,3260,1350,1410,1366,1329,1350,1419,1477,1348,1437,1304,1396,1506,1441,1460,1435,1425,
08/12,1435,1310,1353,3613,1280,1351,1344,1246,1394,1349,1400,1408,1403,1416,1362,1637,1509,1473,1537,1459,
08/13,1396,1365,1391,3360,1224,1243,1312,1387,1373,1314,1375,1392,1520,1310,1408,1537,1477,1410,1537,1445,
08/14,1436,1482,1348,2391,1207,1240,1321,1393,1316,1365,1355,1363,1480,1356,1379,1499,1482,1493,1557,1478,
08/15,1386,1501,1384,1895,1232,1286,1288,1332,1284,1348,1280,1280,1368,1366,1321,1393,1599,1517,1415,1480,
08/16,1371,1485,1498,1640,1298,1445,1407,1291,1228,1383,1303,1360,1377,1435,1309,1324,1533,1549,1488,1507,
08/17,1402,1428,1439,1630,1289,1330,1435,1301,1326,1422,1313,1431,1471,1380,1303,1422,1583,1505,1524,1524,
08/18,1398,1402,1427,1622,1318,1372,1325,1296,1423,1437,1378,1458,1447,1406,1450,1379,1567,1558,1416,1479,
08/19,1344,1371,1479,1501,1331,1368,1364,1342,1432,1449,1358,1420,1502,1417,1526,1456,1481,1429,1423,1477,
08/20,1397,1376,1437,1402,1267,1310,1329,1397,1322,1490,1508,1345,1472,1321,1464,1537,1476,1446,1576,1516,
08/21,1415,1320,1333,1428,1196,1202,1347,1279,1309,1404,1494,1484,1500,1370,1459,1482,1413,1468,1591,1543,
08/22,1351,1393,1291,1385,1223,1290,1332,1329,1383,1303,1479,1458,1448,1481,1464,1540,1488,1593,1601,1431,
08/23,1424,1396,1341,1432,1264,1257,1424,1323,1359,1353,1537,1488,1419,1491,1433,1439,1512,1546,1590,1609,
08/24,1429,1508,1299,1474,1376,1325,1345,1345,1248,1346,1390,1431,1438,1438,1439,1446,1574,1528,1528,1585,
08/25,1426,1527,1309,1493,1340,1321,1337,1358,1391,1377,1354,1373,1380,1265,1541,1473,1632,1574,1486,1581,
08/26,1421,1640,1376,1385,1243,1253,1284,1450,1345,1384,1451,1396,1356,1413,1542,1434,1538,1557,1416,1605,
08/27,1284,1503,1330,1458,1334,1266,1332,1438,1374,1347,1443,1223,1293,1446,1538,1506,1621,1547,1545,1674,
08/28,1314,1449,1241,1484,1258,1210,1386,1326,1399,1397,1322,1248,1425,1412,1565,1502,1563,1651,1607,1658,
08/29,1291,1385,1396,1471,1324,1339,1417,1316,1342,1225,1285,1320,1338,1444,1521,1523,1498,1678,1592,1599,
08/30,1347,1391,1311,1353,1293,1394,1294,1326,1406,1255,1354,1334,1319,1408,1496,1569,1544,1641,1440,1642,
08/31,1335,1362,1438,1238,1319,1455,1354,1289,1405,1368,1369,1347,1314,1345,1402,1622,1525,1488,1499,1492,
09/01,1403,1325,1303,1356,1335,1414,1421,1432,1335,1442,1401,1445,1327,1419,1437,1514,1463,1462,1424,1531,
09/02,1294,1251,1369,1366,1311,1361,1391,1317,1371,1348,1403,1467,1318,1395,1459,1386,1585,1438,1429,1495,
09/03,1305,1364,1359,1345,1430,1421,1448,1347,1337,1367,1521,1448,1417,1383,1507,1452,1460,1366,1505,1507,
09/04,1282,1353,1402,1361,1382,1440,1473,1360,1365,1299,1387,1326,1482,1478,1584,1430,1393,1472,1582,1547,
09/05,1271,1339,1321,1434,1438,1406,1508,1232,1389,1235,1392,1323,1408,1513,1521,1442,1541,1480,1632,1429,
09/06,1329,1344,1351,1423,1449,1368,1461,1330,1286,1304,1452,1346,1401,1495,1538,1378,1562,1503,1580,1493,
09/07,1444,1351,1314,1339,1390,1248,1453,1348,1228,1330,1459,1397,1374,1372,1451,1483,1431,1344,1623,1530,
09/08,1398,1376,1391,1459,1409,1299,1401,1377,1303,1437,1403,1374,1447,1403,1536,1557,1571,1538,1435,1482,
09/09,1350,1377,1379,1472,1422,1331,1409,1332,1418,1415,1387,1492,1425,1385,1510,1498,1537,1445,1549,1544,
09/10,1407,1415,1356,1368,1357,1298,1337,1327,1414,1457,1383,1466,1545,1413,1443,1559,1433,1421,1597,1543,
09/11,1396,1362,1398,1435,1350,1241,1484,1412,1435,1453,1407,1382,1446,1354,1447,1530,1503,1482,1575,1566,
09/12,1430,1434,1402,1477,1259,1302,1491,1371,1345,1345,1386,1378,1348,1372,1388,1478,1582,1536,1594,1569,
09/13,1390,1381,1393,1381,1311,1245,1452,1368,1335,1342,1420,1471,1385,1463,1448,1427,1587,1591,1621,1617,
09/14,1417,1445,1360,1354,1325,1256,1463,1382,1289,1404,1439,1402,1428,1417,1435,1482,1632,1551,1550,1542,
09/15,1419,1383,1416,1441,1280,1341,1281,1347,1337,1415,1475,1352,1390,1386,1406,1528,1493,1554,1552,1568,
09/16,1365,1392,1399,1499,1242,1363,1370,1380,1356,1348,1373,1392,1420,1436,1520,1622,1511,1552,1458,1635,
09/17,1286,1439,1449,1425,1310,1252,1313,1435,1379,1377,1443,1444,1508,1432,1514,1531,1390,1541,1582,1627,
09/18,1370,1408,1412,1445,1342,1277,1316,1370,1409,1376,1354,1359,1496,1477,1611,1562,1403,1631,1546,1496,
09/19,1402,1531,1423,1442,1353,1337,1299,1386,1515,1418,1437,1362,1323,1466,1569,1434,1568,1638,1583,1568,
09/20,1347,1518,1455,1473,1363,1357,1296,1344,1422,1373,1450,1351,1328,1404,1467,1529,1526,1604,1613,1661,
09/21,1301,1498,1361,1448,1332,1376,1353,1440,1373,1375,1542,1343,1435,1472,1382,1559,1467,1679,1570,1676,
09/22,1416,1481,1366,1548,1310,1376,1420,1393,1439,1434,1487,1363,1457,1462,1416,1593,1506,1667,1507,1602,
09/23,1390,1513,1367,1467,1364,1372,1283,1392,1462,1433,1456,1417,1488,1561,1394,1526,1606,1687,1532,1549,
09/24,1320,1467,1342,1386,1349,1470,1350,1428,1435,1397,1474,1371,1565,1570,1431,1492,1494,1608,1487,1489,
09/25,1376,1455,1417,1418,1369,1418,1448,1354,1441,1379,1390,1399,1467,1520,1379,1565,1487,1675,1532,1572,
09/26,1394,1363,1377,1431,1333,1391,1353,1328,1377,1397,1386,1301,1554,1457,1415,1495,1573,1666,1466,1629,
09/27,1408,1476,1470,1436,1457,1357,1287,1364,1471,1394,1478,1100,1477,1574,1446,1570,1509,1702,1637,1550,
09/28,1351,1458,1542,1351,1418,1359,1368,1450,1423,1328,1442,1285,1430,1503,1435,1588,1498,1699,1659,1586,
09/29,1364,1510,1374,1486,1431,1368,1401,1457,1395,1481,1399,1523,1423,1445,1537,1494,1640,1702,1568,1540,
09/30,1348,1396,1513,1438,1390,1317,1379,1380,1519,1407,1543,1452,1381,1543,1593,1582,1547,1678,1484,1592,
10/01,1288,1483,1485,1481,1429,1404,1344,1610,1488,1446,1548,1471,1558,1512,1458,1610,1597,1529,1587,1652,
10/02,1375,1530,1545,1473,1394,1314,1437,1491,1444,1436,1493,1464,1530,1495,1533,1660,1535,1622,1593,1626,
10/03,1389,1493,1495,1381,1410,1383,1413,1537,1468,1413,1587,1469,1563,1524,1499,1609,1541,1642,1636,1626,
10/04,1403,1437,1459,1424,1436,1461,1355,1479,1462,1412,1596,1464,1582,1481,1431,1579,1556,1563,1744,1610,
10/05,1440,1469,1455,1348,1495,1408,1358,1464,1502,1438,1583,1457,1580,1449,1440,1726,1605,1719,1663,1599,
10/06,1360,1460,1408,1461,1379,1457,1370,1453,1589,1525,1497,1440,1524,1406,1524,1746,1604,1619,1694,1618,
10/07,1357,1486,1470,1358,1363,1429,1371,1426,1557,1578,1501,1377,1513,1495,1520,1569,1629,1617,1546,1610,
10/08,1458,1390,1480,1475,1430,1425,1356,1399,1510,1522,1559,1468,1590,1464,1679,1615,1573,1608,1551,1636,
10/09,1469,1385,1433,1436,1489,1391,1484,1438,1473,1451,1565,1390,1567,1411,1522,1625,1586,1599,1673,1600,
10/10,1453,1392,1490,1467,1439,1527,1430,1431,1565,1454,1446,1516,1571,1491,1505,1645,1648,1726,1682,1647,
10/11,1518,1366,1480,1472,1411,1485,1415,1436,1508,1389,1481,1529,1503,1475,1475,1549,1689,1733,1708,1675,
10/12,1515,1513,1507,1417,1377,1479,1447,1482,1502,1397,1491,1440,1507,1442,1475,1634,1665,1672,1682,1644,
10/13,1441,1498,1435,1444,1411,1435,1401,1483,1567,1410,1530,1505,1475,1464,1559,1618,1673,1635,1632,1661,
10/14,1469,1446,1462,1502,1436,1436,1406,1431,1455,1432,1502,1464,1455,1546,1511,1641,1746,1582,1634,1688,
10/15,1468,1474,1496,1422,1402,1442,1361,1458,1487,1489,1515,1490,1480,1564,1490,1609,1620,1589,1678,1661,
10/16,1504,1429,1475,1449,1410,1376,1442,1469,1427,1444,1427,1432,1552,1569,1585,1558,1611,1723,1652,1675,
10/17,1418,1408,1530,1410,1371,1466,1399,1472,1395,1454,1419,1497,1542,1629,1561,1601,1755,1614,1623,1615,
10/18,1434,1495,1419,1455,1346,1381,1458,1495,1411,1521,1563,1553,1621,1516,1541,1604,1709,1631,1580,1636,
10/19,1465,1438,1443,1387,1513,1370,1468,1439,1422,1623,1489,1530,1584,1567,1514,1680,1623,1598,1580,1621,
10/20,1431,1489,1427,1507,1551,1398,1437,1443,1565,1523,1550,1512,1600,1535,1540,1675,1678,1612,1537,1642,
10/21,1537,1411,1543,1482,1498,1426,1435,1404,1494,1636,1537,1592,1474,1585,1515,1661,1681,1554,1502,1633,
10/22,1439,1353,1511,1467,1425,1428,1428,1462,1435,1589,1534,1572,1538,1539,1405,1680,1688,1539,1568,1628,
10/23,1531,1436,1477,1559,1408,1349,1450,1466,1394,1612,1469,1511,1575,1546,1449,1696,1636,1550,1661,1677,
10/24,1442,1416,1417,1447,1485,1458,1424,1513,1428,1525,1534,1641,1556,1499,1497,1624,1726,1656,1632,1672,
10/25,1508,1333,1497,1456,1431,1455,1372,1568,1396,1549,1437,1678,1463,1526,1533,1630,1761,1657,1682,1715,
10/26,1386,1423,1383,1461,1361,1389,1452,1527,1499,1553,1555,1518,1530,1551,1601,1770,1662,1684,1592,1641,
10/27,1489,1337,1604,1529,1377,1428,1499,1436,1427,1520,1560,1535,1466,1537,1520,1642,1619,1637,1624,1595,
10/28,1455,1429,1454,1544,1456,1419,1398,1603,1453,1517,1549,1488,1515,1513,1587,1622,1698,1592,1638,1635,
10/29,1471,1445,1492,1479,1462,1439,1469,1588,1443,1516,1594,1591,1548,1516,1567,1570,1640,1591,1614,1630,
10/30,1486,1458,1484,1583,1418,1420,1366,1610,1521,1518,1609,1557,1612,1405,1556,1687,1657,1524,1763,1672,
10/31,1508,1442,1431,1531,1309,1354,1477,1490,1469,1508,1560,1523,1595,1454,1559,1602,1693,1629,1689,1684,
11/01,1384,1400,1457,1517,1412,1341,1350,1483,1459,1500,1515,1586,1625,1411,1597,1598,1652,1597,1603,1716,
11/02,1452,1379,1462,1455,1419,1377,1380,1485,1484,1450,1568,1486,1553,1492,1540,1572,1590,1696,1621,1742,
11/03,1447,1465,1433,1487,1367,1428,1382,1521,1480,1488,1564,1468,1552,1402,1631,1621,1614,1742,1622,1677,
11/04,1428,1515,1453,1625,1429,1362,1401,1438,1550,1490,1565,1552,1565,1497,1536,1637,1687,1674,1648,1737,
11/05,1450,1552,1466,1522,1361,1333,1415,1441,1437,1529,1560,1507,1659,1398,1527,1604,1689,1573,1770,1644,
11/06,1533,1469,1458,1518,1363,1356,1503,1539,1462,1446,1516,1547,1615,1531,1573,1600,1602,1609,1717,1726,
11/07,1449,1567,1572,1566,1387,1412,1533,1551,1504,1575,1490,1501,1556,1540,1603,1597,1635,1698,1734,1751,
11/08,1425,1556,1472,1467,1419,1434,1521,1547,1471,1482,1486,1562,1629,1484,1601,1515,1688,1657,1670,1640,
11/09,1476,1519,1463,1510,1488,1435,1548,1521,1442,1499,1529,1507,1631,1510,1502,1495,1661,1717,1631,1804,
11/10,1476,1500,1499,1551,1376,1362,1447,1540,1477,1471,1517,1450,1579,1514,1579,1517,1712,1683,1696,1647,
11/11,1495,1549,1507,1481,1410,1435,1503,1454,1413,1495,1402,1492,1559,1348,1544,1458,1736,1710,1659,1560,
11/12,1469,1565,1525,1506,1390,1412,1449,1521,1459,1473,1482,1496,1532,1520,1614,1552,1656,1649,1712,1757,
11/13,1631,1576,1513,1489,1346,1428,1489,1552,1436,1616,1465,1450,1567,1515,1627,1625,1682,1681,1762,1752,
11/14,1491,1531,1488,1435,1412,1445,1475,1535,1487,1511,1547,1500,1525,1522,1566,1588,1705,1760,1625,1789,
11/15,1470,1481,1476,1553,1477,1472,1534,1531,1432,1519,1537,1503,1665,1567,1619,1538,1732,1679,1675,1779,
11/16,1432,1564,1542,1485,1475,1462,1431,1597,1411,1565,1567,1565,1612,1494,1547,1582,1742,1683,1599,1734,
11/17,1446,1545,1471,1448,1466,1446,1463,1571,1550,1505,1485,1507,1585,1533,1577,1587,1710,1673,1645,1741,
11/18,1490,1500,1441,1477,1477,1421,1412,1481,1466,1479,1490,1598,1582,1551,1664,1603,1786,1744,1598,1764,
11/19,1509,1624,1468,1514,1469,1398,1350,1542,1529,1440,1501,1500,1606,1626,1638,1523,1688,1620,1637,1792,
11/20,1478,1520,1484,1524,1500,1392,1463,1578,1436,1532,1447,1535,1577,1493,1622,1514,1722,1682,1685,1764,
11/21,1522,1541,1531,1445,1433,1501,1445,1586,1430,1466,1438,1519,1547,1558,1561,1519,1702,1753,1712,1766,
11/22,1502,1566,1524,1545,1438,1519,1465,1660,1403,1442,1474,1543,1548,1589,1636,1543,1696,1773,1647,1877,
11/23,1526,1499,1463,1518,1417,1511,1569,1555,1434,1497,1513,1528,1558,1573,1639,1623,1715,1708,1730,1825,
11/24,1461,1506,1469,1540,1428,1509,1508,1503,1513,1557,1501,1568,1516,1491,1612,1664,1738,1740,1752,1694,
11/25,1460,1500,1482,1473,1423,1583,1432,1524,1440,1421,1577,1540,1463,1602,1620,1590,1738,1709,1707,1810,
11/26,1499,1583,1499,1527,1440,1419,1402,1564,1533,1472,1529,1509,1642,1683,1563,1632,1665,1664,1688,1835,
11/27,1497,1564,1492,1537,1476,1444,1464,1497,1569,1425,1474,1508,1595,1584,1559,1568,1560,1668,1719,1819,
11/28,1528,1613,1521,1543,1423,1520,1382,1479,1471,1396,1513,1600,1520,1621,1594,1639,1685,1728,1736,1719,
11/29,1477,1598,1498,1587,1462,1623,1408,1546,1542,1473,1575,1589,1590,1637,1549,1590,1680,1763,1700,1834,
11/30,1491,1681,1403,1512,1460,1511,1391,1622,1494,1514,1526,1560,1571,1671,1551,1620,1632,1767,1702,1727,
12/01,1518,1575,1430,1561,1517,1550,1420,1546,1622,1486,1610,1632,1570,1618,1609,1706,1669,1800,1739,1632,
12/02,1494,1523,1473,1575,1491,1561,1486,1484,1535,1457,1627,1572,1574,1613,1588,1689,1778,1722,1689,1754,
12/03,1397,1441,1449,1561,1412,1553,1439,1621,1611,1538,1581,1526,1621,1600,1564,1698,1739,1743,1719,1804,
12/04,1482,1560,1541,1503,1469,1471,1492,1500,1536,1484,1525,1520,1680,1617,1705,1577,1632,1741,1704,1758,
12/05,1458,1508,1503,1505,1486,1559,1510,1566,1638,1562,1572,1620,1649,1576,1654,1623,1703,1806,1697,1775,
12/06,1545,1509,1517,1486,1449,1511,1415,1552,1518,1502,1625,1608,1629,1695,1624,1587,1739,1859,1687,1701,
12/07,1502,1470,1438,1570,1462,1478,1509,1571,1574,1550,1646,1625,1605,1588,1625,1674,1717,1787,1687,1785,
12/08,1424,1477,1489,1581,1487,1496,1471,1510,1633,1471,1600,1615,1622,1617,1682,1678,1800,1755,1655,1706,
12/09,1458,1455,1510,1647,1465,1544,1440,1525,1548,1522,1616,1628,1604,1634,1648,1652,1760,1758,1576,1783,
12/10,1430,1524,1499,1606,1531,1461,1433,1574,1589,1516,1561,1552,1657,1594,1782,1634,1775,1755,1644,1763,
12/11,1465,1453,1556,1687,1470,1419,1483,1530,1614,1554,1519,1527,1605,1691,1713,1746,1833,1926,1682,1730,
12/12,1444,1533,1533,1775,1409,1543,1529,1505,1617,1464,1539,1630,1689,1672,1727,1624,1836,1899,1764,1842,
12/13,1392,1504,1652,1721,1525,1540,1477,1510,1646,1423,1598,1601,1779,1707,1743,1576,1762,1864,1678,1875,
12/14,1559,1584,1584,1688,1454,1587,1460,1490,1607,1577,1607,1585,1735,1632,1700,1653,1829,1873,1664,1831,
12/15,1551,1566,1553,1661,1506,1586,1417,1578,1611,1573,1645,1584,1761,1613,1667,1686,1851,1961,1684,1717,
12/16,1481,1531,1665,1619,1634,1578,1456,1573,1674,1637,1643,1689,1668,1631,1808,1653,1811,1757,1767,1722,
12/17,1472,1667,1651,1631,1587,1506,1495,1568,1687,1609,1691,1641,1675,1638,1686,1662,1791,1744,1784,1860,
12/18,1508,1668,1604,1765,1551,1499,1496,1583,1697,1717,1584,1543,1738,1710,1825,1685,1789,1861,1798,1829,
12/19,1534,1681,1608,1720,1566,1532,1500,1529,1755,1650,1647,1681,1639,1669,1822,1653,1904,1885,1816,1815,
12/20,1534,1674,1558,1719,1564,1542,1432,1612,1611,1700,1759,1647,1691,1619,1725,1586,1887,1870,1775,1849,
12/21,1510,1719,1618,1709,1573,1532,1492,1653,1601,1715,1676,1702,1633,1578,1611,1584,1924,1825,1769,1811,
12/22,1480,1767,1646,1744,1584,1573,1514,1634,1631,1750,1755,1678,1738,1587,1757,1660,1952,1926,1726,1793,
12/23,1651,1671,1701,1692,1544,1589,1486,1705,1647,1701,1710,1736,1667,1706,1664,1685,1946,1916,1754,1789,
12/24,1542,1803,1565,1661,1610,1576,1507,1739,1627,1710,1643,1536,1702,1663,1716,1691,2089,1851,1740,1765,
12/25,1649,1654,1605,1777,1544,1586,1582,1751,1599,1699,1673,1652,1724,1719,1704,1535,1948,1891,1725,1746,
12/26,1668,1894,1651,1764,1703,1635,1670,1675,1658,1602,1667,1655,1764,1788,1749,1691,2187,1983,1738,1800,
12/27,1677,1781,1604,1839,1579,1747,1672,1737,1725,1700,1800,1733,1751,1691,1827,1617,2078,2117,1803,1815,
12/28,1575,1827,1617,1748,1602,1588,1700,1721,1654,1726,1780,1718,1737,1723,1704,1765,2124,1969,1856,1810,
12/29,1589,1804,1540,1761,1647,1615,1700,1657,1806,1751,1784,1743,1762,1628,1811,1699,2093,1999,1743,1711,
12/30,1682,1660,1645,1712,1618,1744,1689,1709,1824,1788,1729,1650,1655,1664,1884,1742,2102,1959,1756,1865,
12/31,1548,1751,1631,1824,1645,1641,1728,1763,1832,1720,1740,1666,1740,1631,1828,1696,2075,1972,1889,1781,